longitude,latitude,population,hs age,ave rm,ave br,ave occ,income,value
-117.03,32.63,2087,13,3.5,1,6.3,5.8,227700
-117.09,33.13,5685,9,3,1.2,4.6,3,129900
-122.44,37.77,3505,52,1.9,1,4.9,4.4,500001
-121.3,37.98,2373,47,2.2,1,5.3,4.2,98300
-120.64,35.65,3466,9,3.8,1.1,5.6,3,158200
-122.1,37.41,6277,33,2.5,1.1,5.2,5.5,343300
-122.01,38.37,3996,16,3.1,1,7.4,5.8,175700
-120.79,37.49,1186,44,2.9,1,5.1,3.4,160700
-118.83,34.15,3380,16,1.9,1.1,5.3,4.3,233200
-122.27,37.84,1688,52,2.6,1,5.2,2.2,99700
-122.29,37.88,1650,52,2.2,1,4.3,3.6,179300
-122.01,37.54,2572,32,2.9,1,6.5,5,287600
-118.51,34.26,2472,29,2.8,0.9,6.2,5.5,332500
-118.44,34.15,4420,15,1.6,1.1,4.4,4.6,359100
-118.44,34.03,1193,37,2.2,0.9,5.3,3.6,357600
-117.87,34.08,3630,33,2.8,1,4.6,3.2,206900
-118.09,34.06,3230,38,4.2,1,3.9,2.6,171600
-118.1,33.97,2426,35,3.9,1,4.7,3,163500
-118.14,33.96,590,38,4.7,1.1,4.5,2.2,143800
-118.21,33.93,1337,36,4.5,1,3.4,2.7,121000
-118.19,33.9,1073,36,4.8,0.9,3.7,2.3,104800
-118.33,33.86,854,36,3.2,1.1,5.7,6.4,259600
-118.49,34.04,2597,50,2.8,1,7.7,13.3,500001
-120.89,37.33,2692,27,3.4,1.1,6,2,94200
-121.92,36.61,3044,27,2,1.1,4.9,3.1,268000
-121.86,36.63,338,37,2.3,1.1,3.4,2.5,108300
-117.89,33.71,1591,16,3.9,0.9,6.7,6.2,266300
-121.33,38.57,1621,17,2.1,1,4.8,2.4,150000
-117.13,32.72,2436,9,2.7,1.1,3.7,1.8,137500
-117.15,32.9,1681,12,2.9,1.1,4.6,4.2,176100
-117.09,32.79,2019,31,2.3,1.1,5.2,3.2,177700
-122.43,37.73,1142,52,2.4,1.1,5.5,5.1,298900
-121.88,37.44,1621,17,3.5,1,5.5,5.3,186900
-122.07,37.06,1634,31,2.8,1.1,4.9,3.9,232300
-119.73,36.8,2376,15,2.4,1.1,4.7,3.1,74600
-119.79,36.85,2596,11,3.3,1.2,4.8,2,54000
-118.49,34.27,3047,33,3.1,1,6,4.6,236200
-118.3,34.1,3926,25,3,1.1,2.4,1.6,262500
-118.24,34,588,23,4.1,0.9,3.4,1.2,87500
-118.33,34.19,2115,46,2.6,1.1,4.8,3.7,222000
-117.84,34.1,7836,17,2.9,1.1,5.1,3.8,180700
-118.23,34.22,1376,37,2.7,1.1,6.1,6,431800
-118.15,34.08,3697,48,3.1,1,4.7,3.4,199200
-118.25,33.98,1553,39,5.2,1.1,3.6,1.7,121900
-118.11,33.83,1462,36,3,1.1,6.7,5.1,225300
-118.36,33.86,2126,35,2.4,1,4.9,5.5,297400
-118.32,33.87,2380,35,2.9,1,5.6,5.6,283800
-121.01,37.25,2216,16,2.7,1.1,5.2,2.7,97500
-121.6,36.81,1575,18,3.4,1.1,7.2,5.2,286500
-117.07,34.05,5764,14,2.2,1.2,6.9,2,173200
-116.98,32.68,2346,22,3.2,1,6.1,5.5,156300
-122.42,37.8,2797,52,1.8,1.1,4.3,4.3,500001
-121.99,37.27,2937,27,2.9,1,5.8,5.4,273500
-122.05,36.97,3363,16,2.9,1.1,6.1,4.3,294100
-119.29,34.45,2849,26,2.6,1,5.4,2.7,230800
-118.75,34.28,3844,22,3.4,1.1,7.8,6.2,239900
-119.78,36.82,4241,22,2,1.2,4.4,1.8,53500
-119.79,36.79,1524,19,2.5,1.2,4,1.5,47500
-119.26,35.5,2536,38,2.6,1,5.9,4.2,78600
-119.55,36.37,1912,26,3.2,1.1,6.2,3,126300
-119.8,36.29,479,7,3.2,0.8,4.7,5.2,107500
-118.61,34.17,5944,19,1.9,1.1,4.8,3.9,328900
-118.31,34.06,1848,34,2.3,1.1,3.1,2.1,410000
-118.28,33.95,835,41,3.7,1.1,4.4,1.4,86200
-118.4,33.98,2526,36,2.3,1,5.7,5.6,456600
-118.26,34.14,902,51,2,1,2.7,1.5,268800
-118.1,34.07,3437,33,3.7,1,3.3,2.3,203700
-117.97,33.87,1784,28,2.9,1,4.1,3.7,169200
-117.99,33.79,2064,33,4.4,1,6.6,4.5,169000
-117.13,32.76,1591,33,1.9,1.1,3.7,2.6,140000
-117.08,32.8,2963,25,2.1,1,5.3,3.6,184500
-116.97,32.56,1262,23,18.8,1.1,4.6,2.6,153300
-117.09,32.98,1125,23,2.2,0.9,3.7,2.3,268800
-121.35,38,1649,6,2.1,1.1,4.7,3.4,123800
-122.31,37.54,2444,46,2.4,1,6.1,4.8,388200
-122.1,37.39,1117,31,2,1,3.7,3.6,353100
-122.03,36.97,337,36,3.3,1,5,3.2,225000
-122.4,40.62,4794,9,2.5,1,5.5,3.1,103100
-122.62,38.25,2388,24,3.3,1,6.6,4.7,196500
-122.73,38.46,4042,14,2,1.1,3.5,2.1,135400
-121.81,39.71,1222,18,2.5,0.9,4.4,2,116700
-118.48,34.21,2879,25,3.2,1.1,4.4,3.4,197400
-118.52,34.18,2082,46,2.7,1.1,5.3,3.7,216000
-118.04,34,5308,30,2.5,1,6.3,5.2,279200
-118.2,33.99,1608,35,4.4,1,3.3,3.2,154700
-118.16,33.92,2062,36,3.2,1,5.8,4.5,218900
-117.37,33.97,1166,40,4,1,4.8,2,84800
-116.21,33.75,894,22,4.1,1,4.4,3.1,68200
-116.39,34.15,5583,15,2.8,1.2,5.8,2,73300
-117.11,32.75,1607,11,3.1,1.1,3.6,2.1,100000
-116.61,33.04,2522,11,2.3,2,9.4,3.9,198100
-120.99,37.65,2848,44,2.4,1.1,4.9,2.1,86600
-121.93,37.53,5532,27,3,1,5.8,4.7,243500
-115.51,33.12,1024,21,3.8,0.9,4.4,2.1,46700
-118.44,34.27,1111,36,5,1,4.2,3.5,158100
-118.32,34.01,3104,52,2.6,1.1,5.3,2.7,128000
-118.45,34.12,10722,20,2.5,1.1,7.1,9.7,500001
-118.44,34.02,3278,39,2.1,1,5.3,6.3,465700
-118.44,34.01,2061,42,2.3,1,5.2,6.1,420000
-118.47,34,1235,38,2.4,1,3.3,2.7,287500
-118.31,34.19,724,42,2.8,1,4.8,3.1,361700
-117.95,33.99,1075,25,3.4,1.1,8.1,6.8,332200
-118.18,34.17,4269,43,2.5,1,7.3,9.1,500001
-118.14,34.16,2598,30,3.7,1,3.4,2.1,142300
-118.1,34.05,1495,26,4.3,1.1,4.9,2.9,152300
-118.34,33.9,1342,36,2.7,1,5.1,4.2,236600
-118.38,33.77,10950,17,2.3,1.1,5.4,6.3,418300
-120.62,37.35,1457,20,2.9,1.1,4.2,1.5,69200
-121.07,38.94,1710,14,2.8,1,5.8,4.7,150700
-114.67,33.92,97,17,1.9,1.6,6.5,1.3,27500
-117.11,32.76,2188,19,2.2,1,3.6,2.1,114400
-117.05,33.26,3103,14,3.2,1.1,5.8,3.8,264700
-121.05,38.14,3326,19,3,1.1,6.5,3,166300
-119.84,34.45,4424,26,3.1,1,7.4,6.4,331200
-121.87,37.33,3137,37,3.2,1.1,4.8,3,270300
-120.24,39.67,690,40,2.8,1.2,6.3,2.4,62500
-120.73,39.63,1791,17,2.3,1.9,9.4,3.9,92400
-120.98,37.68,705,24,2.5,0.8,5,3.2,149600
-120.94,37.59,3964,16,3.4,1.1,5.2,2.3,111300
-119.37,36.19,1306,24,3.2,1,4.7,2.5,66100
-119.07,35.27,3081,25,3.1,1.1,5.2,2.6,97900
-118.48,34.15,2536,31,2.3,1,6,5.5,495500
-118.33,34.12,1894,23,2,1.1,4.8,6,500001
-118.21,34.07,902,42,4.1,1,2.8,1.9,168800
-118.29,34.07,3013,19,2.5,1.1,3,2.5,290600
-118.31,33.98,1837,52,3.1,1.2,5.4,2,96500
-118.39,34.03,1450,19,1.7,1.2,3.3,3.1,55000
-117.86,34.1,2535,23,2.9,1.1,5.4,3.6,180600
-118.04,34.07,177,52,3.6,0.8,2.4,2.4,131300
-118.29,33.81,7023,19,2.8,1.1,5,5.1,218200
-118.08,33.82,4259,26,2.8,1,7.3,6.3,345700
-117.71,33.57,3289,4,2,1.2,5.1,4,226000
-117.96,33.83,2838,30,3,1.1,4.8,3.4,197400
-117.9,33.8,1342,21,2.2,1,4,2.9,45000
-118.09,33.75,6239,32,2.8,1,6.6,6.6,380000
-117.5,33.92,2529,31,3.5,1.2,5.9,3,115600
-117.32,33.8,3196,11,3.2,1,5.8,4.1,173300
-117.17,34.07,6573,24,2.4,1,5.5,3.1,108000
-117.31,34.51,2704,18,2.7,1.2,4.5,2,82300
-117.13,32.91,1450,15,2.6,0.9,5,3.6,196300
-116.98,32.75,4137,25,3,1.1,6.6,4.4,214000
-117.35,33.2,1251,32,3,1,5.4,4,142900
-122.41,37.74,409,48,2.1,1.2,5.8,3.7,335000
-121.98,37.3,3404,30,2.8,1.1,5.4,4.6,283200
-120.99,37.66,1748,39,2.8,1.1,5.8,2.6,135600
-121.62,39.12,1405,26,2.9,1,6.5,4.2,94200
-121.64,39.22,1189,37,2.9,1.1,5.4,3.9,100000
-123.28,40.77,767,25,2.5,1.7,6.3,1.6,79200
-118.94,34.24,10018,5,3.8,1.1,8.9,8.9,500001
-122.26,37.77,1704,52,2,1.1,5,4.2,275000
-121.78,37.69,2853,35,3.1,1,5,4.4,168400
-124.23,41.75,3159,11,2.8,1.3,6.6,2.5,73200
-119.88,36.85,2580,8,2.8,1,6.6,7.5,256200
-119.81,36.6,2246,24,3.3,1.2,5.7,2.4,76400
-118.45,35.58,5396,16,2.2,1.5,6.7,1.9,69700
-117.66,35.6,1740,14,2.7,1.2,5.5,2.6,91700
-122.83,38.89,640,11,3,1.5,7.1,3.5,100000
-118.47,34.25,2692,21,2.9,1.1,5.9,4.5,238900
-118.13,34.19,1621,43,3.1,1.1,4.9,2.9,242200
-118.27,33.87,6108,21,2.9,1,5.5,4.3,181400
-118.11,33.8,1837,36,2.7,1.1,6,4.4,235000
-117.8,33.74,2890,33,2.9,1,6.4,6.6,290200
-118,33.83,1718,26,2.8,1.1,4.7,3.9,196100
-117.38,34.22,774,16,3.6,0.9,5.7,5.8,221300
-117.06,32.76,1629,24,2.1,1.2,3.3,1.7,156800
-121.33,37.96,1727,20,2.1,1.1,5.1,2.5,92600
-121.28,37.98,941,52,2.4,1.1,5.5,2.1,69900
-121.22,37.8,335,13,3.2,1.2,4.4,1.6,74100
-122.49,37.7,1946,36,2.7,1.1,6.2,5.3,287700
-122.32,37.53,2795,39,2.7,1.1,6.3,5.8,387100
-122.28,37.52,2958,27,2.2,1.1,5.1,4.1,397800
-122,38.23,2062,1,3.3,1.3,7.7,5.3,191300
-120.97,37.73,3725,19,3.1,1.2,8.1,5.7,248600
-122.12,39.91,4006,16,2.7,1.1,5.3,2.4,77200
-118.93,34.18,2730,18,3,1,6.6,6.2,287900
-120.56,38.39,1326,20,2.4,1.3,5.6,2.7,86600
-122.16,38.02,1800,40,2.8,1.1,6.5,5.1,196100
-120,38.9,1653,21,2.4,1.4,5.4,2,114100
-120.98,38.68,4810,5,2.5,1,5.3,3.3,176900
-119.46,36.6,1404,18,3.3,1,6.1,4,118100
-118.48,34.07,3351,40,3,0.9,6.4,8.5,500001
-118.08,34.02,3789,14,3.2,1,4.8,2.9,144200
-118.13,33.95,6662,24,2.2,1.1,3.8,3.1,230000
-120.25,37.11,2062,20,2.8,1,4.5,1.5,50500
-117.71,33.6,1949,25,1.4,1.1,4.6,2.8,72500
-117.92,33.64,2224,25,1.9,1.1,4.3,3.1,268800
-121.05,38.92,2144,34,2.4,1,5.7,3.3,158800
-121.19,40.23,1572,10,2.4,2.2,15.1,5.8,193800
-121.49,38.51,3166,30,3.2,1.1,5.5,3.2,79500
-122.42,37.78,812,26,1.4,1.1,1.8,2.3,500001
-122.47,37.5,950,25,2.1,1.3,4.9,3.2,319200
-119.72,34.44,1781,43,1.9,1,5,4.7,293800
-119.67,34.44,3202,32,2.5,1,6,5.3,463800
-122.09,37.37,1269,27,2.6,1,7,6.8,500001
-122.7,38.39,4922,16,2.4,1.1,4.5,2.1,168100
-122.18,40.02,1952,30,2.9,1.2,5.9,2.3,68200
-121.78,38,2371,8,2.8,1,6,5.3,174500
-122.1,37.97,4326,18,2.7,1,6.7,5.7,269600
-122.07,37.86,1102,17,1.5,1.1,5.3,3.6,206300
-122.14,37.85,9147,27,2.7,1,7.2,7.3,389900
-117.95,35.08,83,1,2.1,1,5.5,4.9,141700
-118.59,34.21,2737,17,3.7,1.1,3.5,2.6,183500
-118.32,34.11,5135,33,1.9,1.1,4,3.2,435700
-118.28,34.01,2305,34,3.3,1.1,3.1,1.7,132000
-118.36,34.01,3140,33,2.6,1,6.8,6.5,350400
-118.41,33.96,412,15,2.3,0.9,3,4,266700
-117.91,34.06,3250,29,2.7,1,6.3,5.1,218300
-118.12,34.14,3420,25,1.8,1,3.6,3.1,217900
-118.19,33.79,3497,29,3.3,1.2,3.8,1.8,137500
-117.89,33.68,2905,26,3,1,5.9,5.1,260300
-117.09,32.99,3215,18,3.2,1.2,6.3,4.6,216800
-122.43,37.71,1508,52,3.7,0.9,5,4,266500
-120.95,35.44,6346,30,2,1.6,7.2,2.7,283600
-119.71,34.36,1706,34,2.6,1.1,7,4.2,364000
-119.61,34.45,3597,33,2.5,1.1,7.5,5.4,500001
-120.45,34.97,1920,25,3.7,1,5,3,129300
-122.6,38.24,2621,16,3.2,1.1,6.8,4.9,198400
-121.67,39.14,2264,22,2.6,1,5.6,3.6,112300
-118.7,34.29,1678,25,3.2,0.9,6.3,6.2,229800
-121.81,38.84,352,37,3.6,1,5.3,2.9,275000
-122.21,37.8,3519,52,2.7,1,5,3.5,187100
-122.14,37.75,690,36,2.7,1,6.3,4,195500
-121.94,37.54,3715,27,3,1,6.9,6.2,305300
-121.94,37.53,2095,33,3.1,1.1,6.9,5.8,259600
-122.03,37.91,5438,29,2.6,1,6.1,5,275300
-119.79,36.77,1610,30,2.5,1,4.1,2,60200
-119.53,36.61,587,33,4.5,1.1,3.6,1.6,55800
-119.55,36.52,1986,31,2.5,1,4.7,3,70200
-118.3,34.11,1954,52,2.7,1,8.2,6.9,500001
-118.29,34.07,492,22,2.4,1,1.9,1.6,300000
-118.26,34.03,299,49,4.2,1.3,4.4,1.2,100000
-118.26,34.01,879,46,4.6,1.1,4,2.2,118300
-118.13,34.15,1119,28,2.3,1,3.5,2.6,125000
-118.06,33.98,1342,42,3,1.2,6.5,5.4,186900
-118.19,33.79,2114,41,4.5,1.2,4,1.8,142600
-118.5,34.02,2924,24,1.6,1.1,3.1,2.8,291700
-121.67,36.58,5892,11,2.9,1,7.3,6.2,291800
-121.45,38.62,2419,38,3.4,1.2,4.8,1.5,63100
-121.32,38.57,692,25,3,0.9,4.1,3.7,101100
-117.08,32.64,917,38,2.1,1.1,3.9,1.9,150000
-116.93,32.85,4116,5,3.1,1.1,4.6,3.1,150000
-117.19,33.14,3652,12,2.3,1.3,5,2.3,92000
-121.26,37.96,940,43,3.8,1.2,5.2,2.3,62300
-121.81,37.31,2731,14,2,1.1,5,3.1,139700
-121.96,37.31,3890,31,2.7,1,5.4,5.3,290900
-121.99,38.48,1824,17,3.1,1.1,6,4.7,250000
-122.25,40.17,1554,47,2.8,1,5.2,1.8,54100
-119.15,34.2,3445,25,6.2,1,3.9,3.1,169300
-122.29,37.83,1121,52,3,1.1,6,3.4,75700
-122.18,37.73,909,42,3.3,1.1,4.6,2.9,80000
-122.33,37.95,1585,45,2.6,0.9,4.3,3,135800
-118.29,34.1,2196,39,2.2,1.1,4.1,2.9,254200
-118.28,34.1,805,48,2.7,1.1,3.4,2.3,200000
-117.99,33.98,8399,18,3.4,1,7.6,7,360400
-118.04,34.06,1258,39,4.3,1.1,5.5,3.2,176100
-118.08,34.15,238,28,4.6,1.9,7.7,0.5,500001
-118.39,34.02,2521,38,1.8,1.1,4.2,4.1,322900
-117.92,33.64,949,5,2,1.2,3.9,2.8,225000
-120.02,39.24,1602,24,2.9,1.7,6.2,1.8,99300
-116.19,33.67,1859,16,4.2,1,3.9,1.7,67500
-117.63,34.07,2650,39,3.1,1,5.4,3.4,106700
-117.15,32.93,2718,16,3.5,1,6.3,5.1,185300
-117.03,32.78,5481,17,1.9,1.1,3.6,2.6,171300
-122.39,37.73,1931,52,3.5,1.1,6.6,2.9,192000
-120.48,35.05,2314,24,3.4,1,5,2.8,152600
-122.36,37.54,6184,23,3.1,1.1,8.8,10.2,500001
-122.07,37.34,1851,30,2.7,1,7.8,10.1,500001
-122.32,41.31,1393,45,2.1,1.2,5.6,1.2,71900
-122.73,38.34,743,44,2.7,1,4.6,2.6,209600
-118.93,36.19,2685,30,1.8,1,5.1,2.6,113900
-118.3,34.25,1442,44,2.9,1,4.9,4.6,197300
-118.16,34.09,3334,36,3.6,1.2,4.2,2.2,170800
-118.27,34.07,786,34,3.9,1.1,2.5,2.3,152100
-118.26,33.94,795,44,4.3,1.1,4.8,2,90300
-118.43,34,2148,30,2.4,1.1,3.8,3.4,324000
-118.3,33.79,1068,21,4.3,1,3.9,2.5,157500
-117.97,34.07,1438,22,4,1.1,4.3,2.8,162500
-118.03,34.11,2076,38,3,1.1,6.3,5.9,416900
-118.11,33.86,1255,35,2.5,0.9,4.5,4.2,226900
-118.13,33.86,1320,45,2.5,1,5.2,4.4,209500
-118.15,33.84,1508,37,2.6,1.1,6.3,3.8,221300
-118.21,34.56,2472,12,2.8,1.1,6.5,4.7,262100
-117.94,33.88,1694,35,2.4,1.1,6,4.3,239300
-117.88,33.63,9565,21,1.7,1.3,5.2,4.7,345400
-121.48,38.62,7709,23,3.3,1,6.1,3.8,96600
-117.63,34.02,4864,13,3.9,1,6.7,5.6,175400
-117.41,34.23,889,17,3.1,0.9,6.3,6.1,155000
-117.08,32.73,3331,36,3.1,1,5.4,3.7,122000
-117.13,32.58,1870,32,2.7,1,4.4,2.3,159400
-122.45,37.67,491,35,2.8,1,5.1,4.4,238600
-120.42,34.96,2069,14,3.7,1,6.1,4.5,149800
-122.48,38.31,2398,19,2.7,1.1,5.1,2.8,186800
-122.72,38.45,1743,41,2.2,1,4.9,3.1,175500
-120.98,37.65,422,40,2.5,1,6.7,7.4,172200
-122.21,37.78,1477,52,4,1.1,5.5,1.8,137000
-122.1,37.65,410,36,3.1,0.9,5,4.5,175000
-119.69,36.81,1524,13,2.7,1,4.1,2.5,93800
-120.42,40.38,1652,26,2.7,1.1,5.9,2.5,85600
-118.42,34.2,3148,24,3.4,1.1,3.8,2,221500
-118.2,34.09,1594,39,4.4,1.1,4.2,2.5,138200
-118.27,34.02,2004,39,4.9,1,3.2,1.9,127300
-118.1,34.09,1460,42,3,1.1,5.4,4.9,227300
-118.1,33.96,1743,40,3.4,1.1,6,3.7,173100
-118.17,33.77,1127,37,1.5,1,3.4,2.7,241700
-123.8,39.44,1533,52,2.2,1,4.5,1.9,95000
-121.66,36.89,2608,15,3.4,1,5.7,5.5,253500
-121.79,36.68,6912,22,2.6,1,4.8,3.1,168300
-117.94,33.93,1475,34,2.4,1.1,5,3.8,186000
-117.47,33.98,12106,8,3.4,1.1,7.1,5,158100
-121.44,38.53,1951,37,2.7,1.1,4.8,2.3,80600
-121.34,38.66,4164,18,2.3,1.1,4.6,2.1,133100
-117.13,32.8,2129,35,3,1.1,6.1,4,174900
-122.5,37.74,1771,45,3.2,1,5.2,3.8,296600
-121.12,35.58,4109,16,2.1,1.3,6.6,3.5,320800
-122.27,37.77,2388,52,2.2,1.1,4.6,3.3,234500
-122.07,37.65,3300,31,3,1.1,4.5,3,161800
-121.97,37.51,3333,25,3.3,1,6.6,5.4,258300
-119.02,35.32,2927,14,3.3,1.1,5.2,3.4,82600
-119.01,35.32,4870,23,2.9,1,5.3,2.6,70000
-118.51,34.27,2276,36,2.4,1,5.4,4.1,252100
-118.58,34.23,3907,29,2.8,1.1,5.4,4.1,230200
-118.26,34.12,1942,52,2.9,1,4.1,2.7,209100
-118.2,34.02,2230,48,4.1,1,3.7,2.4,130700
-117.93,34.06,1022,35,3.4,1,5.5,3.9,187500
-117.94,34.06,3418,32,3.2,1.1,5.5,4,210200
-117.97,34.04,1507,32,4.1,0.9,4.7,4.1,163300
-118.1,34.1,1937,29,3.1,1,4.5,3.8,234600
-118.2,33.92,1283,45,4.1,1,5.2,3.3,141200
-118.07,33.88,2436,18,3.4,1,6.3,6.2,344700
-118.2,33.8,1009,52,2.7,0.9,4.4,4,200800
-118.13,33.77,4365,37,1.9,1.1,5,5.3,360700
-117.7,33.65,3388,16,2.7,1.1,7.3,6.2,355600
-117.9,33.61,1521,41,1.9,1.2,5.5,4.1,500001
-117.95,33.7,5781,17,2.8,1,6.3,5.3,231900
-118.09,33.7,4770,13,2.3,1,4.9,5.9,295100
-121.47,38.53,3215,43,3.8,1.2,5.1,1.5,54400
-117.22,32.85,1647,26,2.7,1,6.4,4.7,274400
-117.06,32.58,2724,17,4,1,4.9,3.9,147700
-117.04,32.72,5474,24,3.3,1.1,6.1,4.1,137000
-119.75,34.43,2982,23,1.7,1.1,3.8,3.4,283200
-121.84,37.29,2937,4,2.7,1,4.4,4.4,160400
-121.9,37.44,4228,12,3.5,1,5.8,6.6,299400
-122.1,37.19,808,18,2.9,0.9,5.6,7.2,273300
-119.21,34.26,2887,23,2.9,1,5.6,3.3,217600
-121.79,38.69,1755,23,3.4,1,5.6,2.9,103100
-122.19,37.76,921,41,3.3,1.3,5.8,1.2,72500
-122.3,37.87,503,10,2.3,1.2,5,2.2,150000
-122.07,37.67,2104,38,2.6,1,5.3,3.9,165300
-119.57,36.72,2510,11,2.8,1,5.6,3.6,99500
-119.52,36.71,1834,21,3.6,1,5.8,2.6,69300
-115.52,33.12,1327,38,3.4,1.1,5.7,1.9,60800
-118.28,33.96,1604,42,4.1,1,4.1,1.8,96700
-117.89,34.09,1811,36,3,1,5.5,5.6,188300
-118.15,34.15,806,49,4.1,1.2,4.7,2.4,137500
-118.09,33.89,1150,42,3.5,1.1,5.6,3.7,171500
-118.32,33.86,495,34,2.9,1,5.3,6.4,252300
-118.4,34.07,2170,22,1.6,1.1,4.2,2.9,500001
-117.87,33.63,6163,9,2.1,1.1,6.8,10.8,500001
-117.34,33.15,4505,17,2,1.1,4.2,3.4,283300
-122.42,37.74,1651,52,2.7,1,4.5,3.5,240900
-120.89,35.37,2046,29,2.1,1.4,5,1.7,227300
-121.06,37.73,2256,5,3.1,1.1,5.7,4.9,155900
-121.72,38.8,1069,36,3,1.2,5.6,2,78400
-121.66,39.66,3502,17,2.9,1.1,5.7,3,101200
-122.18,37.86,4449,33,2.7,1,7.2,9,399700
-115.54,32.99,1697,17,3.6,1.1,6.7,4.4,96000
-118.45,34,1606,43,2.4,1.2,4.5,4,345800
-118.17,34.03,882,42,4.4,1,3.1,2.8,120000
-118.21,33.88,1976,29,3.4,1.2,5.3,2.2,126800
-120.05,36.98,3705,16,3.5,1.1,5.3,2.5,61800
-122.57,37.99,2404,45,2.3,1.1,6,5,320100
-117.87,33.89,1142,25,3.2,1.1,7.6,7.1,270100
-117.86,33.61,3191,15,2.1,1.1,7.1,8.6,500001
-117.9,33.61,2897,19,2.3,1.1,7.9,13.2,500001
-117.19,33.69,6484,3,3.1,1,6,4.6,136400
-117.34,34.16,1606,31,3.1,1.1,4.8,2.2,72700
-117.15,34.05,1442,9,2.8,1,6.3,5,162300
-117.11,32.59,2329,18,2.7,1,4.1,2.1,153100
-122.48,37.73,3195,38,3.1,1.1,4.1,3.1,350000
-122.47,37.79,437,52,2.2,1.2,5,2.8,500001
-121.36,38.03,3461,7,2.1,1.2,4.7,3.6,78700
-120.59,35.12,3055,27,2.3,1.1,5,2.2,179700
-119.78,34.45,2077,23,2.8,1.2,8.1,6.5,500001
-119.69,34.43,2801,37,2.4,1,5.9,5.8,387700
-121.83,37.28,1115,33,4.5,1,4.3,3.9,178600
-122.01,37.26,2561,14,3.1,1.1,6.8,7.6,500001
-119.22,34.34,3128,29,2.8,1,4.8,3,175700
-119.09,34.22,40,8,19.3,0.6,2.5,4,52500
-122.25,37.89,2863,42,2.3,1,6.4,6.7,368600
-119.5,36.74,1089,20,2.5,1,5.1,4.6,106900
-124.14,41.06,1020,32,2.1,1.1,5.2,3,143400
-118.96,35.41,3548,29,2.3,1.1,5.4,2.9,87100
-117.72,34.07,4100,33,3.5,1,5.6,3.7,134200
-122.49,37.85,240,38,1.9,0.9,7.1,12.3,500001
-117.5,33.92,2101,28,3.1,1,6,4.6,146800
-121.36,38.58,3196,25,2.3,1,7.6,8.5,344000
-117.08,33.03,2296,10,2,1.1,5.7,4.3,160600
-122.45,37.71,3131,34,3.7,1.1,5.2,3.6,251000
-122.31,40.45,2596,25,2.8,1,4.7,2,60400
-118.73,34.29,5451,11,3.4,1,7.3,7.4,343900
-122.27,37.85,1974,52,2.4,1.2,5.4,1.6,153600
-119.97,38.94,1485,26,2.3,1.9,8.3,2,84600
-119.89,36.76,1987,17,3.7,1.1,6.4,4.2,126400
-118.43,37.4,2460,19,2.9,1,5.8,4.2,141500
-117.65,35,1184,36,2.8,1.3,4.9,1.9,39800
-118.28,34.08,2465,52,3.1,1,3.3,2.6,203100
-118.38,33.95,3259,35,2.2,1.1,3.5,3.3,400000
-118.03,33.91,4040,32,3.2,1,5.1,3.2,160100
-118.2,33.77,517,42,4.7,1.1,2.4,2.2,106300
-121.51,38.51,2918,33,2.5,1,6.8,5.5,171300
-117.26,32.81,1328,30,1.8,1.1,4.1,2.3,290600
-122.47,37.74,3688,52,2.8,1.1,6.5,5,365600
-121.28,37.97,2348,47,3,1.1,4.9,1.7,66000
-121.26,37.95,819,44,3.7,1,4.5,1.7,59300
-122.46,37.71,1799,45,3.7,1,4.6,3.7,239900
-122.01,38.36,476,15,2.9,0.9,6.5,7.1,315200
-121.74,39.15,2302,20,3,1,5.8,2.8,71200
-122.13,37.69,1131,34,2.4,1.2,4.8,2.9,161700
-122.13,37.67,3592,42,2.4,1.1,5.4,3.2,179900
-121.85,39.74,2901,41,2.3,1.1,4.6,1.6,84500
-119.56,36.7,1195,40,3.6,1,3.8,2.1,58900
-118.28,33.93,529,45,3.7,0.9,4.4,3.6,90600
-118.16,34.19,2076,42,3.8,1.1,4.8,2.2,149200
-118.13,34.17,1784,52,2.8,1.1,5.2,3.6,261500
-118.11,34.1,2012,44,3.2,1,4.4,3.3,226600
-118.09,34.07,794,26,4.2,1.1,4.7,3.2,170800
-118.14,34.01,1973,42,3.7,1,3.9,2.5,156500
-118.08,33.91,1573,18,3.3,1.1,4.3,2.9,146900
-118.31,33.75,2338,34,2.8,1.1,6.3,6.3,396400
-118.22,34.66,3810,17,3.2,1.1,6.5,4.9,152400
-117.67,33.51,1645,18,4.2,1.1,4.6,3.5,126400
-117.86,33.63,3095,17,2.2,1,5.8,5.3,500001
-117.86,33.8,1793,34,3.9,1.1,4.1,2.8,153100
-117.98,33.83,3419,17,3.2,1.2,4.5,3.3,228500
-118.08,33.76,1995,25,1.2,1.1,3.3,1.5,46900
-117.98,33.75,3865,24,3.5,1,5,3.8,180000
-117.43,33.98,2634,21,3.4,1,6.5,4.3,152200
-117.36,34.48,16533,3,3.3,1.1,7.2,4,122100
-117.14,32.96,5949,12,3.8,1,7.6,6.4,241500
-122.45,37.72,1773,47,3.4,1.1,5.6,4.5,221200
-119.72,34.42,1635,37,2.5,1.1,4,3.6,264700
-121.88,37.32,2213,45,3.7,1.1,4.3,3.3,164200
-121.62,39.15,2321,36,2.4,0.9,4.8,3.1,74000
-122.23,37.79,999,30,3.8,1,3.8,1.9,137500
-122.29,37.98,2133,27,2.4,1,6.1,5.1,209800
-120,38.92,1106,17,2.6,1.2,6.1,3.3,126600
-119.69,36.38,1688,25,3.2,1.1,6.1,3.3,103100
-119.63,36.33,2928,14,2.9,1.1,5.2,1.8,67500
-118.44,34.18,2127,33,2.7,1.1,5.4,4.4,286100
-117.84,34.12,3465,25,3.2,1.1,6.5,4.8,228900
-117.77,34.1,2388,50,2.7,1.1,5.2,2.9,167200
-117.96,34.05,1993,32,3.6,1,5.2,3.7,181900
-118.49,34.02,1394,28,1.3,1.1,2.6,1.5,450000
-121.07,39.15,6828,15,2.3,1,5.2,2.5,143400
-117.98,33.76,3215,28,3.3,1,5.1,4,197400
-121.07,38.9,1280,52,2,1.1,4.8,1.7,122200
-121.49,38.59,463,20,2.6,1,2.4,1,85000
-121.5,38.52,2008,37,3,1.1,4.7,2.3,59100
-121.32,38.59,9774,21,2.7,1,5.7,3.7,136100
-117.23,32.75,1824,5,2.1,1.2,4.3,3.4,137500
-117.01,32.81,4203,21,2.7,1,7,5.3,193500
-120.45,34.65,980,25,3.7,1.1,4,2,87500
-122.01,37.31,6846,23,2.8,1,6.4,6.4,332000
-122.04,37.34,3081,28,2.7,1,6.7,7.5,432600
-120.84,37.5,2310,47,2.5,1.1,5.2,2.2,97300
-118.86,34.19,3135,26,3.2,1.1,6.8,6.2,243500
-122.26,37.84,950,52,2.4,1,4.8,4,188800
-122.28,37.81,948,35,2.8,1.1,5.6,1.8,118800
-121.87,37.66,775,52,2.6,1.1,6.3,5.1,233300
-121.84,39.76,2351,14,2.2,1.1,4.3,2.3,102300
-122.33,37.97,5151,19,2.2,1.2,4.4,3.3,158800
-119.24,35.77,1737,28,3.4,1,3.4,1.8,67800
-119.72,36.34,1287,33,2.8,1,6.1,3.2,112500
-118.26,34.1,2566,48,2.5,1,4.6,3.7,318600
-118.37,34.04,1197,52,3.1,1.1,5.5,3.8,278500
-117.89,34.1,3185,35,3.3,1,5.7,3.8,175900
-118.13,33.8,1509,41,2.6,1,4.8,4.1,223000
-118.18,33.78,3042,26,4.2,1.1,2.7,1.8,146200
-122.31,38.27,1748,34,2.6,0.9,5.8,4.4,194400
-117.47,34.07,1017,24,3,1.2,5.4,1.6,112500
-117.25,32.73,2224,37,2.4,1,6.5,6.3,400000
-121.33,38.04,2903,15,3.1,1,6.9,4.5,145600
-122.28,37.49,7335,25,2.5,1.1,7,6.5,500001
-121.45,39.26,2319,15,2.7,1.1,6,3.1,115600
-122.17,37.69,2262,24,3.1,1.1,6.2,4.8,212600
-121.69,39.36,842,34,3.9,1.1,5.1,1.8,63000
-119.97,36.57,1497,17,5.8,1.3,6.1,2,69400
-124.18,40.78,1076,33,2.8,0.9,4.6,2.5,72200
-118.02,34.14,1077,34,2.4,1.3,5.4,2.6,252800
-118.08,34.01,1091,33,3.9,1,4.8,2.8,176400
-118.28,33.84,2326,27,3.1,1,4.3,3.9,187900
-118.08,33.88,1901,30,5.4,1.1,3.8,3.3,120100
-118.14,33.71,2484,36,1.8,1.2,5.6,5.2,500001
-118.31,33.84,1819,52,2.5,1.1,4.3,3.6,270700
-120.65,37.33,1731,25,3.1,1.2,6.5,4.1,107600
-122.3,38.32,2063,20,2.3,1.1,4.5,2.5,153200
-122.31,38.32,3997,35,3,1.1,5.7,3.3,138100
-117.82,33.88,5392,15,3.1,1.1,6.5,6.2,280300
-117.91,33.82,1444,29,3.8,1.2,5.3,2.4,182900
-117.91,33.78,4297,26,3.7,1.1,4.4,3,184000
-116.89,33.75,2719,23,1.9,1.1,5.6,2,81700
-117.31,34.53,2299,26,2.9,1.1,5.2,2.6,79900
-117.06,32.63,4168,29,2.9,1,5.9,4.2,169800
-122.13,37.46,2247,31,3.4,1.1,4.4,3.3,185600
-122.2,37.35,3095,17,2.8,1,7.3,13.3,500001
-122.24,37.85,1467,52,2.8,1.1,8.3,7.3,352100
-122.28,37.87,1777,46,1.9,1,4.1,2.9,212000
-115.53,32.97,2231,34,3.1,1.1,4.4,1.5,60300
-115.95,33.28,99,12,2.2,1.5,5.8,1.9,53800
-118.48,34.24,2621,32,3.1,1,6.3,6.7,267600
-118.46,34.18,2582,27,2.8,1,3.6,3.1,174200
-118.36,34.07,1821,40,1.8,1,4.1,2.3,355200
-118.44,34.01,1408,43,2.7,1,5.9,4.6,400000
-117.96,34.14,907,9,3.2,1.1,4.7,3.9,179600
-118.35,33.97,1864,25,3,1.1,3.2,2.2,159400
-116.95,33.79,2399,20,3.2,1,4.4,1.9,77700
-121.34,38.62,4021,20,2.3,1.2,5.5,2.5,153000
-117.12,32.76,2160,28,2.4,1.1,3.8,1.9,128100
-117.08,32.69,2558,31,3.9,1,5.2,3.5,117000
-121.32,38.02,2851,26,3.1,1.1,5.7,3.5,99100
-121.44,37.74,456,25,3.5,1.1,4.3,3.1,112500
-122.43,40.66,2532,15,2.6,1,5.6,2.5,92200
-122.18,38.17,4093,7,3.5,1,6.3,5.3,161300
-121.57,39.12,2601,30,3.4,1.1,5.1,2.1,56600
-121.91,37.68,1804,20,3.2,1,6.9,6.2,262900
-118.4,34.15,2515,44,2,1.1,5.2,5.1,374500
-118.19,34.08,1241,38,4,1.1,4.7,2.3,115500
-118.28,34.03,943,45,4,1.2,4,2.1,151600
-118.29,34.01,2238,50,3.9,1.2,3.8,1.7,125000
-118.26,33.97,1295,46,3.5,1.1,4,1.7,98200
-118.21,33.79,1598,39,4.2,1.2,4,2.4,141800
-118.42,33.9,1929,29,1.5,1.2,4.2,5.5,500001
-117.81,33.71,2666,16,3.5,1.1,7.7,7.4,302400
-121.18,38.73,1584,16,2.7,1.2,7,6,273100
-117.48,34,6751,12,2.9,1,6,3.9,145500
-117.33,33.67,4376,27,3.1,1.2,5,1.9,100600
-116.93,33.93,7804,13,2.2,1.1,5.3,2.1,95600
-121.3,38.58,1537,16,3,1,4.1,2.6,90700
-116.84,33.02,1227,11,3.3,1,6.2,5.7,209800
-122.43,37.76,2356,52,1.9,1,4.9,4.3,455400
-122.49,37.74,1472,44,2.7,0.9,4.8,5.7,300000
-121.28,38.02,1868,8,3.2,1,4.8,3.2,95900
-121.11,37.76,2606,22,3.2,1,6.6,4.2,192100
-120.46,34.65,2143,10,2.1,1.1,3.9,2.1,103300
-121.58,37.03,3120,16,3.5,1,4.6,3.6,198600
-120.64,37.7,284,16,5.2,1.1,6.2,1.9,137500
-122.27,37.77,5679,23,2.3,1.1,4.9,4.8,291700
-122.02,37.8,6200,11,2.6,1,6.9,7.7,359300
-124.16,40.8,1703,52,2.2,1.2,3.9,1.1,74100
-118.93,35.37,2412,34,3.7,1.1,5.7,2.7,62800
-118.44,34.25,1121,33,4.4,1,4.8,4.9,173700
-118.46,34.05,6902,25,1.7,1.2,3.7,2.7,410000
-118.01,33.95,1755,35,2.7,1.1,6.1,5.1,296700
-118.12,33.8,1257,36,2.5,1,6,5.4,251400
-121.32,38.69,13796,11,2.7,1.1,6.1,3.9,124500
-117.36,34.09,3616,32,3.6,1.1,6.1,3.3,95500
-122.16,37.45,196,50,1.8,1,4.7,7.6,412500
-121.8,37.35,2781,15,2.9,1.1,5.9,5.6,223300
-121.94,38.37,1156,14,2.5,1,5.1,3.2,143800
-120.82,37.49,1611,25,3.4,1.1,6.2,3.6,122400
-119.12,34.38,7200,28,3.1,1,5.8,4.1,237900
-119.3,34.27,1527,17,1.6,1.2,3.6,1.6,187500
-122.27,37.85,751,40,2.5,1.1,4.5,1.4,147500
-122.25,37.79,629,50,3.8,1,3.2,2.6,125000
-122.16,37.7,1719,36,2.7,1,5.5,4.4,193500
-122.03,37.55,3087,26,3.3,1.1,6.4,4.9,217300
-119.92,38.91,3831,15,3,1.9,11.7,5.1,162500
-118.31,34.06,2124,52,2.5,1,2.8,2.1,328900
-118.25,34.01,481,28,4.7,1.1,3.8,1.2,90300
-118.23,33.94,1110,36,4.7,1,3.7,2.3,92100
-118.43,34.3,271,28,4,1,4.4,1.7,164600
-117.77,34.07,2922,36,3.8,1,4.7,2.9,124000
-118.2,34.21,1493,42,3,1.1,6.7,6.8,443900
-118.12,34.08,2248,35,2.8,1,3.6,3,253900
-118.25,33.91,1950,36,3,1,5.2,3.1,119300
-118.12,33.91,682,34,3.4,0.9,4.7,4.6,173800
-118.14,33.86,1436,44,3.2,1.1,6.2,4.6,213400
-118.14,33.84,3002,36,2.8,1,6.4,4.9,228900
-118.32,33.88,1803,34,2.8,1,5.4,5.6,280300
-118.39,34.08,1244,52,1.6,1.1,4.4,3.5,430800
-120.84,37.43,2892,32,3.3,1.1,6,3.8,164500
-116.21,33.68,584,34,3.8,1.1,3.5,1.6,100000
-121.49,38.5,1715,30,3.2,1,6.5,3,87900
-121.47,38.48,2359,24,4.3,1,5,3.3,67300
-117.08,32.74,1434,35,3.3,1.1,6.3,2.4,135100
-117.12,32.8,1727,31,2.6,1,5,3.8,166300
-117.29,33.06,2110,20,3.1,1,6.5,6.2,338700
-120.86,35.39,1664,23,2.3,1.3,6,2.7,188300
-120.65,35.12,2949,19,2.6,1.2,5.4,3,178100
-122.24,37.49,322,19,1.9,1.1,3.2,2.6,500001
-121.88,37.26,1893,13,2.2,1.1,4.1,3.8,204700
-121.8,37.34,1642,25,4.1,1.1,5.9,5.2,231400
-121.84,37.27,3624,9,2.6,1.1,5,4.2,198400
-121.61,37.03,6529,5,3.1,1,6.7,5.7,298500
-122.89,38.38,2017,16,2.8,1.1,6,5.8,267500
-122.24,37.72,18634,5,2.7,1.1,6.9,7.6,350700
-122.15,37.72,1616,31,2,1,4.3,2.9,210900
-122.12,37.68,2412,37,2.6,1.1,6.4,4,191100
-119.78,36.79,2260,33,2.3,1.1,5.5,2.9,68300
-117.86,34.13,630,29,2.6,1,4.3,3.4,170800
-117.73,34.03,1967,42,4.2,1.1,5.7,3,118100
-118.12,34.19,2405,52,3,0.9,7.5,8.8,444100
-118.4,34,2122,44,2.8,1.1,5.8,4.7,344300
-123.15,39.74,608,23,2.6,1.3,5.6,2.9,70000
-121.4,36.38,2288,39,3.5,1.3,5.6,3.3,190600
-117.98,33.84,984,35,3.3,0.9,4.9,5.1,189600
-117.95,33.68,2249,26,3.5,0.9,6,5,265000
-118.06,33.83,3941,21,2.8,1,5.9,4.9,343900
-121.09,38.97,1467,13,3,1,6.4,5.3,191900
-117.4,34.18,1769,16,7.1,1,7.1,5.4,181800
-117.14,32.71,1694,34,3.5,1.1,4,2.1,139400
-117.24,32.75,1989,41,2.1,1.1,4.1,2.8,226000
-117.06,32.6,1088,24,4.5,1.1,4.4,2.4,107300
-117.29,33.1,6091,6,2.2,1.1,6.4,5.2,259800
-121.22,37.82,4452,13,2.9,1,4.8,3.2,141500
-122.82,38.39,1437,32,3.1,1.1,5.9,4.7,240900
-119.34,36.31,1635,14,2.2,1.1,4.1,2.7,88900
-122.2,37.81,2964,45,2.5,1,7,6.8,323500
-122.13,37.72,1134,25,2,0.9,6.6,6.5,371200
-120.65,38.42,1538,23,2.7,1.1,5.8,2.6,116700
-123.74,40.66,2395,25,2.6,1.2,6.4,3,136000
-118.36,34.21,337,41,4,1.3,6.7,1.9,152900
-118.13,34.13,2826,52,2.5,1,7.7,8,500001
-118.01,33.96,1805,36,2.9,0.9,5.9,5.3,273500
-118.04,33.95,1945,35,3.4,1,5.4,5.2,171900
-117.99,33.9,2161,33,3.2,1,5.6,5.6,202800
-118.18,33.77,2048,41,1.6,1.1,3.8,2.6,193800
-118.4,34.1,3979,27,2.6,1,7.7,15,500001
-119.94,37.04,1636,14,3.4,1.1,7.3,3.1,88500
-122.47,38.51,2487,18,2,1,4.9,3.6,187500
-117.09,34.01,106,37,2.3,1.5,8.8,4.1,131300
-116.45,32.65,2680,22,3.2,1.3,5.2,2.2,127100
-122.48,37.76,1845,52,3,1,5.5,4.1,331300
-121.28,38.11,2974,10,2.7,1,5.2,3.9,136800
-120.48,35.02,2721,17,3.4,1,5.5,3,204800
-122.16,37.46,2663,32,1.9,0.9,3.6,4.3,410200
-120.43,34.88,2580,22,3.1,1,6.9,5,158600
-121.89,37.3,2639,46,2.2,1.1,6.2,5.1,331600
-122.07,37.39,1695,30,2.1,1.1,3.8,3.5,352500
-122.39,40.58,1625,44,2.7,1.1,4.7,1.6,68900
-122.4,40.57,1321,23,3.4,1.2,6,1.7,90100
-122.05,38.25,1336,37,2.9,1.1,5.8,3.8,99000
-122.58,38.38,3800,27,2.6,1.2,6.3,4.7,306600
-119.05,34.35,950,39,4.4,1,3,2.2,146600
-121.56,39.08,1377,26,2.9,1.1,5.2,1.5,48300
-122.25,37.82,2474,52,2.8,1,6.2,5.9,340700
-119.79,36.75,377,52,5.5,1,3.9,1,45000
-120.06,36.72,981,32,3,1,3.9,1.8,60400
-120.38,36.75,1689,25,3.8,1.1,3.7,1.9,60000
-115.52,32.98,1302,21,3.9,1,4.1,2.2,66400
-118.57,34.17,2072,35,2.7,0.9,6.1,6.1,327300
-118.33,34.08,1777,52,1.5,1,4.1,3.5,500001
-118.24,33.94,796,34,4.7,1.3,5.5,2.1,88300
-117.93,34.09,782,35,3.1,0.9,4.8,4.2,161300
-118.11,34.17,2837,46,2.7,1.1,5.2,3.1,234600
-118.24,33.88,1843,37,3.4,1,5.3,2.5,111000
-118.33,33.89,1816,42,2.9,1.1,5.9,5.2,230800
-118.19,34.65,1781,33,2.9,1,5.7,4,126800
-120.06,36.96,1288,44,2.5,1,4.5,1.7,61400
-121.92,36.61,1242,21,2.3,0.9,3.4,2.5,243800
-117.93,33.71,2775,10,2.5,1.1,4.4,4.1,158800
-118.03,33.77,3803,21,1.8,1.1,4.6,3,221200
-121.31,38.58,2421,10,1.9,1.2,4.9,2.5,112500
-121.28,38.59,4188,3,2.1,1.1,4.2,3,92500
-117.28,34.15,1734,36,2.3,1.1,6.7,3.8,122200
-117.06,34.9,2828,36,2.4,1.2,3.8,1.4,59600
-116.97,32.74,7410,14,2.8,1.1,5.8,4.2,176100
-121.9,37.44,1646,4,2.1,1,4,5.1,265500
-121.98,37.16,2533,42,2.4,1.1,6.4,5.3,279900
-120.95,37.73,3609,12,3.6,1,4.9,2.9,92700
-122.19,40.2,2750,30,2.8,1,5.9,3.5,73600
-121.53,38.6,5154,25,3,1,4.8,2.8,80200
-122.04,37.62,657,35,2.5,0.9,4.9,3.8,204200
-121.76,37.7,3980,9,2.5,1.1,5.9,5.7,256700
-121.83,39.76,9831,12,2.6,1.1,5.5,3.1,112600
-119.72,36.75,1691,27,2.6,0.8,5,4,86900
-118.29,34.09,2716,34,2.9,1.1,2.7,1.8,187500
-118.34,34.07,2066,52,3.3,1.1,7,5.9,450000
-118.14,34.02,1307,45,3.8,1.1,5.2,2.8,178300
-118.27,33.91,1786,42,3.5,1,4.8,2.6,101100
-118.3,33.94,3504,36,3,1,4.2,2.6,114900
-118.49,34.02,2075,30,1.7,1.2,3.5,3.2,366700
-118.86,34.07,1409,16,5.6,1.4,8.2,8,500001
-121.02,39.25,1549,52,2.4,1.1,6.2,2.2,155400
-117.95,33.63,1496,29,2.2,1.3,7,6.1,500001
-116.56,33.83,1765,36,1.7,1.5,6.7,2.6,321900
-121.45,38.51,4221,29,2.7,1.1,5,2.2,75900
-117.06,32.58,3435,13,2.5,1,4.9,3.5,107600
-117.19,33.18,3561,7,2.9,1.1,5.4,4.1,209700
-122.37,40.6,5178,7,2,1,4,2.4,111400
-122.76,38.46,4742,14,2.9,1,6.5,4.5,199200
-120.8,37.53,1162,29,3.2,1.1,5.2,2.2,90600
-122.23,40.17,1401,21,2.2,1.1,4.7,2.2,64700
-123.41,40.61,769,17,2.4,1.6,6.1,1.8,55000
-119.39,36.54,1408,30,3.7,1,4.4,1.7,59100
-119.26,36.5,1689,35,4.5,1.1,5.1,2.6,74300
-121.81,37.99,2807,18,3,1,6.4,4.8,170400
-124.16,41.92,1668,19,3,1.1,5.9,2.1,75000
-119.73,36.8,1316,24,3,1,5.1,3.8,69200
-119.76,36.83,3690,17,3.1,1,6.1,4,84200
-119.03,35.36,1944,41,2.5,0.9,5,3.9,81300
-119.45,35.16,3437,34,2.9,1.1,5.7,2.4,52900
-118.37,34.06,843,52,2.2,1.1,5.6,4.5,446000
-118.33,34.19,1505,45,2.5,1.1,4.7,3.1,217000
-117.92,34.06,2894,35,3,1,6,5.2,224900
-118.09,34.14,3092,40,2.7,1,5.8,5.3,373800
-118.24,33.92,1772,40,3.5,1.1,5.5,3.3,96100
-118.08,33.92,2118,34,3.2,1,4.8,3.7,166800
-118.14,33.86,1276,44,2.5,1.1,6,4.9,218300
-118.33,33.91,10731,8,2.4,1.1,3.5,2.5,192700
-118.41,34.07,2979,47,1.9,1.1,5.2,4,500001
-118.32,34.62,1398,31,3,0.9,4.7,4.8,264900
-117.96,33.86,2366,32,2.7,1.1,5,3.4,190000
-117.31,34.08,1697,43,3.4,1.1,4.8,1.9,74600
-117.12,34.06,281,38,2.9,1.1,5.4,1.4,120800
-122.47,37.75,2713,51,2.7,1,6.8,9.4,500001
-120.25,36.65,1177,31,3.3,1,5.3,2.5,66000
-118.96,35.38,2417,41,2.4,1.1,6,3.1,85600
-117.67,35.63,3661,32,2.3,1.1,5.2,3.1,63500
-118.34,34.02,1609,49,2.3,1,4.1,2.5,136600
-118.41,34,3550,30,4.3,1.1,4,3.2,271200
-118.15,34.19,1717,47,2.9,1.1,5.8,3.6,160700
-118.36,33.88,2845,25,2.6,1.1,4.5,3.2,267400
-118.56,34.37,3927,23,2.8,1,5.6,4.9,202600
-119.82,37.57,1713,13,2.7,1.4,7.1,2.7,92400
-120.67,37.37,164,18,3.3,0.9,5.1,1.7,87500
-122.25,38.17,778,34,3,1,5.7,4.3,121300
-117.8,33.67,2487,5,2.9,1,6.3,8.3,302500
-117.89,33.61,1790,41,1.9,1.3,6.3,6,500001
-114.6,33.6,1988,21,2.7,1.1,4.6,1.6,62000
-121.46,38.57,893,52,2.3,1,5.6,3.2,213200
-117.28,34.17,3106,26,2.4,1.1,5.4,3.2,122200
-116.86,34.31,1649,19,2.5,2.2,10.9,4.1,133000
-117.11,32.79,2574,16,1.6,1.1,3.6,3.4,96900
-117.05,33.03,5180,14,1.7,1.1,5.2,4.5,222200
-121.76,37.33,4153,5,3.5,1,6,5.6,286200
-121.98,37.33,3742,30,2.7,1,5.9,6.1,302400
-122.64,41.73,3319,36,2.4,1.1,5.3,1.9,71200
-123.01,38.48,1179,37,2,1.6,6.7,1.4,118300
-118.85,34.19,2287,27,3,1,7.1,6.5,349400
-121.58,39.51,1865,24,2.8,1,4.8,1.6,56700
-121.7,39.36,1210,46,2.2,1,5,1.9,63900
-122.04,39.22,1446,27,2.4,1.1,5.2,3.3,92800
-121.97,38.03,3685,17,3,1.1,5.7,3.7,139800
-122.07,37.96,1217,37,2.9,1,6.3,5,196200
-122.02,37.95,3526,22,3.3,1,6.9,5.7,237000
-119.88,36.81,2288,30,3.4,1.1,5.4,1.3,61200
-119.04,35.36,1942,36,2.6,1,4.7,1.8,66900
-118.83,35.2,1959,17,3.9,1.1,4.3,2.1,53500
-118.54,34.17,1080,11,2.4,1.1,6.8,6.1,315900
-118.29,34.03,3544,29,2.7,1.1,2.9,1,258300
-117.95,34.07,1987,37,3.4,1.1,5.3,4.1,176500
-118.21,33.94,710,34,4.9,0.9,3.1,2.8,141100
-118.13,33.9,1814,36,2.6,1,5.2,3.5,208400
-117.17,34.08,1473,5,3.3,0.9,5.7,4.9,138100
-117.04,32.98,1332,16,3.3,1,6.9,6,192900
-117.09,33.03,2786,17,3.1,1,7,6.4,220700
-122.41,37.79,3302,52,1.6,1.2,4.5,3.4,500001
-122.2,37.43,3294,22,2,1.1,5,5.2,500001
-122.69,38.44,1356,35,2.9,1.1,6.3,3.6,168300
-118.86,34.21,3354,26,3.1,1,5.2,4.2,211800
-121.39,39.39,189,52,3.3,0.9,5.1,3,60000
-122.37,37.93,709,37,3.7,1.1,4.1,0.9,84200
-119.8,36.76,2224,52,2.1,1,5.5,2.4,78400
-119.25,35.77,1618,35,3.6,1,4.1,1.7,56500
-118.49,34.24,1971,34,3,1,6.4,6.1,262300
-118.61,34.19,703,34,2.9,1,5.5,4.3,210100
-118.37,34.05,2369,41,2.4,1,4.5,3,296100
-118.05,34.11,3677,42,2.9,1,5.9,5.2,426500
-118.12,34.07,1050,43,3.4,1,4.3,2,215600
-118.08,33.99,2024,36,3.5,1,3.5,2.8,163900
-118.06,33.9,1161,37,3.7,1.1,4.9,4.4,158000
-118.09,33.8,1724,36,2.6,1,5.3,4.5,253900
-118.17,33.79,1219,28,5.2,1.2,3.5,1.8,118300
-120.6,37.35,3874,19,3.5,1,5.5,3.3,88600
-120.51,37.32,2109,13,2.4,1,4.5,2.3,89600
-117.9,33.65,2043,28,2.5,1,4.5,5.3,261800
-120.53,39.79,1234,18,2.7,1.3,6.1,2.5,71900
-120.15,39.8,785,19,2.6,1.1,5.6,3.1,82500
-117.43,33.95,2284,36,3.5,1.1,5.6,4.1,104500
-121.39,38.59,1151,34,2.2,0.9,4.6,2.8,113600
-121.29,38.61,1814,26,3,0.9,5.7,4.5,110500
-117.69,34.06,1881,25,3.2,1,4.5,2.6,144000
-117.38,34.12,5959,17,3.8,1.1,5.5,2.4,105200
-122.49,37.78,3304,46,2.3,1,4.3,3.6,352200
-122.41,37.59,2401,40,2.5,1.1,6.7,5.6,422400
-121.56,37.08,6725,17,3.4,1,6.6,6.4,393100
-122.66,38.42,5315,14,2.4,1.1,5.6,4,208400
-119.3,36.31,2234,16,3.2,1,6.2,4.3,97300
-118.77,34.27,3074,7,2.8,1.2,4.7,2.7,196400
-122.15,37.72,1190,47,2,0.9,4.5,3.4,198300
-122.08,37.64,1116,36,2.9,0.9,4.9,5.7,177900
-122.04,37.53,4458,25,3.4,1,5,4,218500
-122.36,37.93,1258,17,3.9,1.1,5.5,3.1,121600
-119.44,36.59,1153,32,3.2,1,4.8,2.8,67600
-120.66,40.41,2081,52,2.5,1.1,5,2.3,70200
-118.18,34.11,1523,33,2.5,1.3,5.1,2.7,183800
-118.33,34.02,1667,45,2.5,1.1,4.5,1.9,118200
-118.25,33.8,1697,36,3.2,1,4.3,3.4,163100
-117.9,34.13,1126,5,2.6,1,3.6,1.5,139800
-118.13,33.94,522,34,2.7,1,3.8,3.5,265000
-117.89,33.86,1395,28,3.4,1.1,3.9,3.3,193800
-117.68,33.59,3473,12,3.5,1,7.7,8.9,314000
-117.69,33.63,1444,23,3.1,1,5.7,4.9,273800
-117.95,33.84,1229,34,4.8,1,5.6,3.5,180000
-117.92,33.83,1072,36,3.3,1,5.5,5,179300
-121.54,38.5,6093,15,2.4,1.1,6.1,4.2,183600
-117.09,34.07,6260,24,2.6,1.1,5.3,2.5,103000
-117.24,34.59,5027,4,2.7,1.2,7.3,3.6,186100
-117.13,32.75,2279,28,1.9,1.1,3.7,2,150000
-117.11,32.76,1457,28,2,1.2,4.3,2,122700
-117.07,32.71,4151,26,4.1,1.2,6,2.8,123400
-117.17,32.69,2802,19,1.9,1.3,4.7,4.8,334600
-121.21,37.8,300,44,2.2,1,4.1,2.2,120800
-122.25,37.49,2709,40,2.3,1,5.3,4.6,395500
-119.7,34.41,1526,52,3.6,1,3.4,2.2,226500
-121.9,37.36,1141,38,3.5,1.1,3.9,2.7,182500
-122.14,37.7,1266,36,2.5,1,5.3,4,194100
-122.1,37.69,746,41,2.4,0.9,4.6,3.9,178400
-122.65,38.96,2143,27,2.5,1.6,5.8,1.7,63200
-121.07,40.85,976,17,2.9,1.2,5.6,3.7,80800
-118.55,34.2,2549,21,2.6,1,4.1,3.7,179800
-118.28,34.08,1618,42,3.3,1.2,3.7,3.2,182000
-118.18,34.09,1688,44,4.2,1.1,4.4,3.4,184900
-118.35,34.04,1956,36,3.1,1.1,3.6,1.9,150700
-117.78,34.07,3610,18,3.8,1,4.7,4,113500
-117.93,34.07,1207,36,3.2,1,5.7,5.4,207300
-118.09,34.1,1904,40,3.3,1.1,5.2,3.7,210400
-118.14,34.03,1447,38,3.7,1,5.1,4.1,211500
-118.11,33.94,2098,32,2.7,1,5.5,5,255400
-120.83,37.07,3736,16,2.7,1,5.1,2.6,120200
-117.88,33.89,3583,19,2.6,1.1,4.1,3,218400
-118.05,33.82,2997,21,3.6,1,8.1,8.6,386700
-121.28,38.8,9003,7,2.8,1.1,5.7,3.8,147900
-117.28,33.66,4573,15,3,1.1,5.5,2.7,163600
-116.95,33.75,2238,19,2.4,1.1,4.4,2.1,85800
-121.47,38.53,543,44,4.1,1.2,4.3,1.4,65400
-117.66,34.06,1405,39,4.4,1,4.2,1.6,91800
-117.35,34.12,5640,22,3.6,1,6.4,4.2,126500
-117.28,34.26,3895,18,2.9,1.8,10.4,3.4,133600
-117.03,32.65,1111,14,3.3,1,7.7,7.6,290500
-117.1,33.07,2402,16,3,0.9,6.6,8.7,347300
-119.71,34.42,1411,52,3.6,1.1,4.6,4.1,252900
-121.77,37.33,3160,9,3.6,1,6.7,7.5,348400
-121.86,37.4,1386,21,3.7,1,5.4,6.5,258500
-120.92,39.56,1276,48,2.5,2,8.8,1.9,66600
-118.75,34.17,6217,18,3.2,1,7.5,6.8,325900
-122.28,37.82,1489,52,3,1.4,6.1,0.8,85300
-122.27,37.9,2079,52,2.5,1,7.6,8,374400
-119.39,36.64,949,38,3.1,1,5.1,2.4,80000
-119.83,36.37,1549,25,3,1,5.7,2.7,101400
-118.42,34.18,1013,40,2.7,0.9,6.1,5.7,382400
-118.29,34,1807,41,3.7,1.1,3.8,1.2,111700
-118.49,34.05,1918,42,2.8,1,8.6,15,500001
-118.26,33.78,1672,27,3.7,1.1,3.6,2,174500
-118.28,34.18,2602,52,2.7,1,6.2,5.3,358000
-118.3,34.19,1502,51,2.5,1.1,6.5,4.4,332400
-117.82,34.12,3118,26,2.8,1,5.7,5.3,209400
-121.61,36.69,9899,19,4.5,1,3.9,2,118500
-117.94,33.84,604,28,2.9,1,2.9,3.6,182100
-118.05,33.85,2856,25,3.4,1.1,7.9,6.2,313100
-116.5,33.81,5032,26,2.6,1,4.3,2.5,94800
-117.33,34.13,2335,30,3.9,1.2,7.5,2.2,93200
-117.25,33.19,1891,18,3,1.1,6.8,4.6,207000
-120.86,35.4,2787,21,2.2,1.3,5.6,2.7,186200
-122.72,38.44,188,52,4.2,0.9,2.6,0.9,129200
-120.85,37.77,404,35,2.6,1,4,2.5,75000
-121.61,39.13,1432,21,2.8,1,4.3,1.7,83800
-122.27,37.89,3046,52,2.7,1,8.4,8.8,430500
-122.34,37.94,1611,31,1.9,1.1,3.9,1.7,145500
-120.63,38.75,3145,17,2.6,1.1,5.6,2.7,117500
-119.74,36.8,10862,18,2.5,1.1,4.9,2.5,74300
-119.69,36.79,2613,5,3.1,1,5.4,4.1,83000
-119.22,35.68,2874,16,4.7,1,4.4,1.9,55200
-119.23,35.77,2636,26,2.9,1,5.4,4.2,84000
-118.26,34.06,1950,33,3.7,1,1.9,1.7,110000
-118.27,34,1748,46,4.2,1.1,4.3,2.1,103800
-118.07,34.01,1391,36,3.7,1,5.1,3.2,176800
-118.49,34.01,651,28,1.9,1.5,3.7,2,500001
-119.87,36.93,1429,13,3.4,1,7,4.4,111800
-118,33.87,2086,13,2.9,1.2,4.5,3,165600
-117.42,33.93,2885,32,2.6,1,4.9,3.2,125600
-121.48,38.57,2809,38,1.6,1,3.6,1.9,114100
-117.69,34.05,1875,10,2.9,1,5.2,4.3,128900
-117.18,34.04,2492,38,2.7,1,6.8,3.7,152800
-122.39,37.73,1070,52,2.7,1.1,5.2,2.9,189000
-122.39,37.58,6026,36,2.6,1,6.8,7.9,500001
-121.99,37.33,2023,33,2.5,1.1,5,3.9,285800
-122.33,40.52,2801,23,2.9,1.1,6.2,3.5,116700
-121.02,37.65,2973,20,3.5,1.1,5.2,3.1,106000
-121.02,37.6,1009,33,4.2,1,4.1,2.6,68000
-119.45,36.09,408,18,3.4,1.1,5.4,2,112500
-119.06,36.07,2683,20,2.7,1,4.9,1.7,64600
-118.87,34.22,3108,14,3.6,1,7.2,6.2,305400
-118.7,34.3,1527,27,3.4,1,6.8,6.2,227000
-122.21,37.78,1702,43,3,1.1,4.2,1.7,126800
-120.98,38.34,3471,27,3,1.1,5.8,3.6,99100
-118.94,35.38,4800,26,3.2,1.1,6.5,3.8,87000
-118.27,34.13,1375,47,3.6,0.9,3.3,2.1,208900
-118.27,34.07,1175,42,3.9,1.1,2.9,2.3,213300
-118.12,34.01,1956,33,3.2,1,4.2,2,166300
-118.32,33.89,2675,34,2.6,1.1,5.4,4.5,242000
-120.31,37.64,2403,11,2.6,1.4,7,3,120800
-117.89,33.92,2936,17,2.6,1,5.5,5.5,190300
-117.8,33.67,3345,4,2.8,1,6.2,6.8,329100
-117.89,33.6,1496,36,2.2,1.2,7.4,7.8,500001
-117.93,33.65,1283,27,2.8,1.1,3.4,2.8,275000
-117.84,33.78,3817,24,2.3,1.1,5.4,4.3,248000
-118.05,33.72,2673,14,1.8,1.1,4.1,4.2,188900
-118.05,33.71,4150,25,2.6,1,7.6,8.8,461600
-118.01,33.77,1387,33,3.4,0.9,5.3,5.4,204100
-117.49,33.98,2727,17,3.8,1,6.1,4.8,160600
-116.96,33.73,4735,20,2.6,1.1,5.2,3.1,87000
-121.47,38.48,2969,25,3.6,1.1,6.1,2.6,76200
-117.69,34.04,4459,5,2.3,1,5.1,4,182600
-117.68,34.01,7326,20,3.7,1,4.8,3.2,123500
-117.57,34.15,12806,3,2.8,1.5,8.5,5.5,343100
-117.2,34.48,4998,7,3.1,1.1,5.6,3.2,101900
-117.1,32.74,2361,14,3.5,1.1,4.5,1.6,93400
-120.68,35.29,1354,37,2.6,1,4.7,3.3,225000
-121.97,36.97,3665,24,2.4,1,4.4,2.8,228500
-122.27,40.39,1833,26,2.3,1,4.5,1.4,59000
-120.91,37.74,1690,19,2.9,1.1,5.7,3.3,176700
-122.02,38,2965,28,3.4,1.1,6.3,4.6,178200
-119.01,35.37,1702,38,3.3,1,4.7,1.9,57800
-118.99,35.32,1576,35,3.1,1.4,5.6,1.7,59500
-118.33,34.09,654,36,3,1.4,4.7,3.7,200000
-118.04,34.11,1275,37,3.4,1,7.3,7.2,500001
-118.05,33.93,894,31,4.7,1.1,4.7,3.7,141500
-118.16,34.02,1256,41,4,1,3.3,1.8,166000
-118.22,33.9,1802,40,4.5,1.1,3.9,2.4,97900
-118.14,33.91,1766,34,2.4,1,4.4,3.1,180800
-118.19,33.83,2641,43,2.3,0.9,6,6.4,444200
-122.21,38.28,1273,35,3.1,1.2,7,4.5,269300
-117.31,33.94,11232,7,2.6,1.1,6.8,5.3,216500
-121.39,38.61,2024,35,2.2,1,5.6,2.5,156900
-117.25,34.11,2173,30,3.1,1.2,4.5,1.4,67700
-117.11,32.81,3428,15,4.7,1,7.1,2.6,67500
-117.02,32.81,1998,26,2.9,1,6.6,5.5,180900
-116.99,32.79,2420,33,2.5,1,6.1,4.1,165100
-122.45,37.79,2196,52,2.3,1,7.6,10.1,500001
-121.29,37.98,625,42,3.4,0.9,3.9,2.6,65400
-121.87,37.32,1839,39,3.4,1,4,2.7,184900
-121.98,37.37,995,35,3.1,1,5,5.1,217500
-122.02,37.31,2355,35,3.3,1,6.2,6,332500
-122.03,38.28,5114,15,3.1,1.1,6.6,4.5,144000
-121.86,38,3216,16,3.3,1,7.1,5.3,161700
-119.96,38.84,2722,17,2.9,1.8,9.4,3.6,109700
-124.11,40.81,959,23,2.4,1.2,5.5,2.6,96100
-119.02,35.38,346,48,2.1,1.5,5.5,1.2,63800
-118.31,33.94,1353,41,3,1.1,5.4,2.7,131700
-118.04,33.97,2945,25,2.8,1.1,3.5,2.6,177500
-118.12,33.79,1762,41,2.5,1.1,5.9,4.2,240700
-122.46,37.88,2492,35,2.2,1.1,6.7,8.8,500001
-120.25,37.23,1656,34,3.3,1,5,2.2,59900
-121.81,36.57,3030,13,2.8,1.1,8.4,7,500001
-117.95,33.9,3057,15,3.4,1,6.1,6.8,372600
-121.3,38.74,4374,41,2.5,1.1,4.6,2.4,87900
-121.44,36.84,1644,7,3.5,1,5,4,180400
-117.08,34.08,45,34,2.8,0.8,3.2,3.1,500001
-117.04,34.89,1884,37,3,1,5.3,3.2,66800
-117.28,32.84,2455,21,1.7,1.1,4.1,3.8,381300
-117.08,32.61,2264,27,3.2,1.1,4.8,3.4,149100
-122.47,37.5,2297,18,2.9,1.1,6,4.9,334600
-119.63,34.42,1765,42,2.9,1,6.8,8.6,500001
-121.89,37.33,1279,42,3.7,1.1,3.8,2.3,192500
-122.09,37.07,3581,33,2.7,1.1,5.4,4.3,214300
-120.85,37.55,350,45,3,1,5.6,2.6,275000
-122.14,37.73,2024,52,2.5,1,6.1,5,264700
-121.99,37.54,3046,28,3.4,1,5.9,5.3,227900
-121.9,38.04,1489,36,3.2,1.3,5.8,1.2,90200
-122.06,37.86,5187,16,1.5,1,5.3,4.5,252400
-118.41,34.25,827,33,5.3,1,4.5,2.6,143100
-118.44,34.29,1260,32,4.2,1.1,3.7,2,122900
-118.1,34.15,1442,14,2.3,1.1,4.2,2.7,177500
-118.04,33.94,3808,31,3.7,1,5.8,4.6,173900
-118.16,33.85,1979,36,2.8,1,5.8,4.1,216200
-118.32,33.35,1675,27,2.3,1.6,5.1,2.2,450000
-118.38,33.88,1830,34,2.7,1,6,5.1,453700
-121.13,36.21,1476,27,3.2,1,4.1,3.2,137900
-121.45,38.64,1481,23,3.4,1.1,4.7,1.9,60600
-121.41,38.34,1605,24,7.9,1.1,6.4,3.1,162500
-116.88,34.25,1089,11,2.6,2.2,12.1,5,176000
-117.1,32.83,4214,16,2.6,1.1,6,4.4,179500
-117.05,33.1,5516,13,3.2,1.1,8.3,6.2,320200
-122.47,37.76,2464,48,2.6,1,5.4,4.5,358600
-120.69,35.65,3487,14,3,1.1,4.4,1.6,144900
-119.71,34.42,1643,31,2.5,1,3.3,3.2,267000
-120.46,34.63,1408,48,2.4,1.1,5.1,2.9,146600
-122.01,37.4,1297,24,1.6,1.1,4.6,3.1,47500
-122.03,37.27,4460,25,2.9,1,8,10.8,500001
-122.24,37.83,1757,52,2.6,1.1,7.7,5.9,457800
-122.24,37.76,2428,49,2.3,1.1,4.9,3.7,229800
-122.09,37.67,1252,48,2.2,1,4.1,2.3,175000
-124.17,40.79,2285,43,2.4,1,4.7,2,70500
-118.43,34.25,1447,35,5.3,1.1,4.7,2.9,143100
-117.92,34.08,1860,35,3.3,1.1,6.1,3.6,207000
-118.18,33.95,2608,42,3.4,1,4.2,3.5,167500
-118.12,33.91,620,35,3.1,1,5,3.8,183900
-118.15,33.91,901,38,3.7,1,4.3,3,147400
-118.33,33.87,2219,36,3,1,5.5,4.3,267100
-120.16,37.12,1995,29,3.6,1.1,5.6,1.9,79200
-123.23,39.77,2075,25,2.6,1.2,5.5,1.2,60300
-120.57,37.43,2235,39,3.2,1,5.6,2.7,74600
-117.98,33.72,2826,24,3.2,1,5.2,6,240400
-117.2,33.72,5528,8,1.8,1.2,6,2.5,110100
-117.65,34.08,2264,52,2.4,1,5.2,3.4,144300
-122.42,37.74,1540,52,3.1,1,4.2,4.3,243000
-121.29,38,1392,4,5.8,1,4.5,2.4,124500
-122.02,37.32,4336,27,2.7,1,5.9,6.4,348300
-122.07,37.36,4612,28,3,1.1,8.1,10,500001
-122.36,40.55,2500,21,2.8,0.9,5,2.7,113300
-121.59,39.78,2754,16,2,1.1,5.1,1.4,86500
-121.79,38,3090,34,2.8,1.1,5.5,3.6,124700
-122.32,37.92,4649,28,2.7,1,4.9,3.3,129100
-120.1,36.66,2020,19,3.7,1.2,5.6,1.7,69000
-122.59,38.78,764,15,2.6,1,5.3,3.4,103100
-118.49,34.31,1024,25,2.4,1,7,7.1,356300
-118.58,34.17,6476,18,2.5,1.1,6.8,5.6,500001
-118.25,34.02,1375,32,3.9,1,3.2,1.6,130700
-118.26,33.97,1504,47,3.3,1,4.2,1.5,94200
-118.43,34.05,4251,22,1.8,1.2,4.8,5.3,500001
-117.91,34.07,1390,36,3.3,1,5.2,5.1,189000
-118.04,34.07,2451,39,3.9,1,3.8,2.3,173100
-118.19,33.92,1356,36,4.9,1.1,4.5,2.1,139800
-118.02,34.57,10655,4,3.5,1.1,7,5.1,151300
-121,39.23,2809,15,3.1,1.1,6.9,4,191700
-117.89,33.91,1264,33,2.3,1,5.6,3.7,216500
-121.47,38.56,889,52,1.9,1.1,6.1,3.1,85600
-121.5,38.55,2784,52,2.1,1,6.2,5.6,209800
-121.41,38.58,6955,18,1.6,1.1,4,3.1,141400
-117.72,33.99,5622,14,3.8,1.1,6.9,5.8,206700
-117.23,33.1,1862,4,2.8,1.2,7.5,7.7,237400
-121.3,37.97,2980,52,2.2,1.1,5.8,4.1,113600
-121.03,37.68,1956,27,3.3,1.1,6.4,3.8,110500
-122.1,37.63,9963,18,2.9,1,5.1,3.8,187200
-118.99,35.37,832,36,4.7,1.1,4.8,1.5,57400
-119.13,35.22,6268,5,3.3,1,6.4,5.1,118200
-118.47,33.99,854,33,3.3,1.2,4.3,2.1,239300
-118.02,34.07,3245,21,4,1.1,3.7,2.3,156300
-118.19,33.86,1999,42,2.7,1.1,5,3.7,167100
-118.36,33.86,1768,37,2.8,1.1,6.1,5.1,295900
-118.37,33.83,1207,35,2.8,1,5.7,4.7,353400
-120.09,37,3761,11,3.5,1,5.6,3.5,74600
-117.5,34.04,3428,4,3.4,1,5.4,5,143400
-117.36,34.1,2819,29,2.8,1.1,4.6,2.3,87600
-117.28,34.17,3728,26,2.4,1.2,5.1,1.7,86800
-117.28,34.11,1573,39,3.5,1.2,4.4,1.5,69500
-117.27,34.49,2344,7,2.7,1.1,7.5,4.7,174500
-117.22,32.82,756,35,3.1,1,5.6,3.5,183900
-122.42,37.74,1786,52,2.2,1.1,4.5,3.1,328100
-122.47,37.74,1538,52,2.6,1,4.8,4.1,333600
-121.77,37.31,1649,16,3.3,1,7.2,6.6,302600
-121.92,37.25,2231,34,2.8,1,6.1,4.8,243200
-121.64,40.9,2237,24,2.6,1.4,7,1.8,90300
-121.72,38.54,2790,16,2.2,1,4.4,3.2,194300
-118.48,34.25,1442,35,3,1,5.4,5,216900
-118.61,34.16,4364,29,2.5,1,7,6.8,367400
-118.28,34.12,2384,50,2.5,0.9,7.1,12.9,500001
-118.34,34.04,2010,42,2.8,1.2,4.7,1.9,134600
-118.12,34.02,1595,36,3.1,1.1,4.4,2.4,205600
-118.22,33.98,2225,34,4.1,1,3,1.7,128800
-118.11,33.83,1784,36,3.2,1,6,4.3,220900
-118.31,33.9,1400,38,2.8,1,3.5,3.5,198400
-117.7,33.6,2283,26,1.4,1.1,4.9,2.4,74300
-117.34,33.98,17286,10,2.1,1.1,3.7,1.8,103400
-121.38,36.84,3769,6,3.2,1,5.8,4.2,217600
-121.37,36.83,3658,14,3.3,1,6.1,4.8,216000
-116.97,32.83,149,23,3,0.9,4.4,2.6,112500
-121.88,37.32,1331,40,3.3,1,3.4,2.8,172500
-122.34,40.51,2247,16,2.6,1.1,4.9,2,119200
-121.92,37.64,1280,46,2.5,1,6.2,5.1,315600
-121.61,39.77,1612,25,2.8,1,5.3,3,89500
-121.8,38.01,2273,46,2.4,1.1,5.1,2.3,109400
-119.88,36.83,4055,2,2.7,1.1,6.2,4.2,96500
-118.63,34.17,4769,33,2.7,1.1,6.4,5.6,338200
-118.2,34.05,1703,42,4.3,1,2.9,2,147200
-118.46,34.07,2564,42,2.2,1.1,6.2,9.2,500001
-118.33,34.17,1934,44,2.1,1,5.3,2.5,251800
-118.1,33.91,726,36,3.8,1.1,5.6,3.6,167600
-118.1,33.85,993,19,3.3,1,5.7,5.7,277600
-118.36,33.79,5166,34,3.1,1.1,7.7,8.4,500001
-118.42,34.09,3552,40,2.8,1.1,9.6,15,500001
-118.22,34.63,14348,4,3.2,1.2,7.9,5.4,222400
-121.7,36.48,2150,19,2.5,1.1,5,3.5,288400
-117.67,33.46,3571,24,2.6,1.3,6.6,4.7,277800
-118.09,33.79,4231,31,2.7,1,6.8,6.6,360100
-121.25,38.67,6155,14,2.6,1.1,6.5,4.2,244300
-117.71,34.07,1840,31,3.3,1.1,5.2,3.9,129200
-117.11,32.73,3160,27,2.7,1,5.2,3.9,132600
-117.15,32.7,458,52,7.7,0.9,2.8,1.3,86300
-122.32,37.55,1437,46,2.3,1,5.5,4.8,369700
-121.92,37.33,2125,52,2.4,1,5.5,5.3,299500
-121.87,37.34,1087,52,3.4,0.9,5.6,6.6,309000
-121.92,37.28,3028,27,2.6,1,6.1,4.6,308800
-122.6,38.24,1410,16,3.2,0.9,6.2,4.7,204500
-122.91,38.46,2021,18,2.8,1.1,6.1,4.5,251900
-121.79,38.68,3794,24,2.6,1,4.4,2.8,95300
-121.56,39.13,2277,17,2.9,1.1,4.1,1.5,69700
-122.21,37.79,1745,35,3,1.1,4.5,2.9,143800
-115.51,32.99,1402,20,3.5,0.9,4.4,1.9,63700
-118.28,33.99,2174,49,3.9,1,4.5,1.7,95000
-118.3,33.97,1425,46,3.8,1,4.7,3.4,98500
-118.46,34.05,4077,25,1.7,1.1,4,3.8,337500
-118.13,34.04,2205,42,3.3,1.1,5.2,4.4,211400
-118.18,33.87,1832,44,2.6,1,4.5,4.1,175100
-118.43,34,1340,37,3,1.1,3.9,3.8,314300
-121.64,36.66,3174,24,2.7,1,5.9,5.2,248100
-117.65,33.59,2649,8,3.5,1,7.5,8,337900
-117.42,33.94,1764,35,3.1,0.9,5,4.2,113900
-122.38,37.73,543,40,2.9,1.1,6.1,2.2,193800
-121.26,37.98,3274,32,2.8,1.1,4.4,2.1,55700
-122.02,37.29,3845,25,3.1,1,8.1,10.4,500001
-122.05,36.96,971,30,3.7,1.1,5.6,4.2,226500
-121.76,36.91,1276,23,3.6,1.2,3.4,2,155000
-121.88,36.98,4117,21,2.6,1,5.4,4.9,289500
-122.75,38.54,6719,6,2.7,1,6.7,5.5,254200
-119.04,35.95,1009,25,4.5,1.1,4.6,1.8,55800
-122.16,37.75,667,35,3.1,1.1,5,3.8,94300
-121.9,38.01,3779,34,3.3,1.1,5.2,3.5,110600
-122.11,37.99,3913,16,2.6,1.1,5.8,5.1,206700
-122.31,37.93,2505,39,2.5,1.1,7.3,5.3,286500
-124,40.22,2088,16,2.5,1.6,6.4,1.3,70700
-115.9,32.69,414,18,1.8,1.6,7.7,1.5,57500
-119.45,35.13,1440,34,2.8,1.1,4.9,2.3,26600
-118.61,34.17,1689,31,2,1,4.7,4,278500
-118.32,33.73,1099,25,2.6,1.1,6.9,7.7,500001
-118.18,33.77,1418,30,1.7,1.1,3.4,2.6,159400
-122.49,38,48,26,2.4,1,6,7.7,400000
-122.62,37.97,370,52,2.7,1.1,6.6,7.7,316700
-118,33.83,2578,24,2.3,1.1,4.9,2.2,212500
-117.23,34.11,2170,33,3,1.1,4.6,2,78300
-117.04,32.81,2880,12,3.3,1,6.9,6.5,254200
-117.1,32.68,2013,42,3.5,1,3.6,2.1,107600
-121.32,37.96,1832,46,2.6,1,4.9,2,88100
-121.23,38.04,1829,32,2.8,1.1,7.5,6.2,247900
-122.28,37.54,5114,24,2.5,1.1,4,4,293200
-119.72,34.43,984,27,2.5,1,3.1,2.6,275000
-122.04,37.37,5135,23,2.7,1.1,6,5.2,430100
-123.13,40.85,1650,18,2.4,1.3,5.9,1.9,84700
-121.73,37.68,20354,17,2.7,1.1,6.2,5.4,238900
-122.33,37.94,1769,44,2.7,1.1,5.7,4.1,150800
-124.17,41.8,2739,16,2.9,1.1,6.3,3.8,109400
-120.86,38.75,1533,15,2.4,1.1,5.3,2.6,146100
-122.92,39.05,3131,38,2.8,1.1,5.5,2.5,80700
-118.43,34.15,1293,42,2.1,1,6,7.7,467600
-118.18,34.1,1940,10,1.9,1.1,4.7,5,166700
-118.19,34.07,1555,42,3.3,1,4.5,3.4,169600
-118.33,33.99,1582,46,2.7,1.1,5.5,3.2,149600
-118.12,33.91,1518,35,3.4,1.1,6.1,3.7,197500
-118.37,33.92,1073,39,2.7,1,5.3,4.9,245600
-120.94,39.22,1321,12,2.9,1.2,5.7,4,153800
-117.94,33.62,1765,28,2.4,1.1,5.1,6.6,439100
-117.86,33.76,3153,34,3.2,1.1,5.9,4.7,205300
-121.38,38.62,774,41,2.4,1,5.2,3.6,115300
-121.59,38.69,541,32,2.3,0.8,5.5,8,383300
-121.44,38.46,4446,10,2.8,1,5,3.5,103600
-117.38,34.11,1497,36,3.3,1,5.4,3.3,96300
-117.06,32.73,3444,33,3.2,1.1,5.9,3.8,126700
-117.17,32.81,3064,33,2.8,1,6.3,4.2,178700
-119.72,34.41,871,35,2.3,0.9,5.7,4.3,341800
-120.14,34.6,2136,22,2.8,1.1,5.2,2.9,243100
-122.09,37.21,1969,15,2.5,1,6.1,7.9,394900
-122.71,38.43,1439,52,2.3,1,4.6,2.2,129900
-121,37.64,311,43,3.1,1,3.3,1.3,67500
-119.38,36.53,1281,38,4.9,1,4.4,2,51400
-122.25,37.79,1339,52,3,1.1,3.7,2.2,138800
-122.25,37.79,461,39,3.1,1.1,3.8,1.6,112500
-124.09,40.88,1982,31,2.3,1.1,4.2,1.5,74100
-115.59,32.85,1608,20,3.5,1.1,6.5,4.9,90800
-118.45,37.25,1468,20,2.7,1.1,5.4,3.1,118800
-118.3,33.78,2572,35,2.3,1,5,4.6,304100
-118.23,34.24,3857,31,3,1.1,6.7,7.6,396400
-118.11,34.02,9559,17,2.9,1,5.2,5.2,318900
-118.19,33.9,2762,32,4.2,1,4.4,2.6,105600
-118.43,33.9,1536,27,1.7,1.2,4.7,5.4,500001
-118.46,34.03,1244,39,3.1,1,4.4,3.1,325000
-117.61,33.43,1150,33,1.9,1.2,3.6,2.4,187500
-117.69,33.48,3240,25,2.9,1,6.5,6.2,288500
-117.85,33.77,2186,16,2,1.1,4.7,4.6,225000
-117.94,33.81,1891,33,2.7,1,5.5,4.3,238000
-118.04,33.85,3132,23,3.4,1,6.6,5.8,315900
-121.28,38.61,2938,22,2.7,1.1,5.2,2.7,96100
-122.42,37.76,4001,52,2.1,1.1,3.9,3.5,391200
-122,37.36,2070,17,2.9,1,7.5,8.6,411200
-121.84,37.21,5468,15,3.3,1,8.1,8.4,418300
-122.65,38.27,4764,9,2.8,1.1,6.3,5.1,234500
-122.2,37.75,606,36,4,1,4.6,1.6,70000
-120.54,38.41,1435,21,2.5,1.1,5.4,2.6,77400
-118.31,34.08,1514,27,3.1,1,2.9,2.9,251100
-118.42,33.98,475,3,1.5,1,3.1,3.7,450000
-118.02,33.95,2139,38,2.8,1,5.2,4.3,168900
-118.07,33.93,906,5,9.2,1.2,5.7,4.1,171900
-118.41,33.92,2590,32,2,1.1,4.7,4.2,358000
-118.21,34.65,4001,17,3.1,1.1,5.3,3,140100
-117.79,34.45,2986,18,2.9,1.3,6.3,3.3,165000
-122.49,37.86,2175,52,1.6,1,4.3,4.5,442000
-117.99,33.66,1330,29,2.6,1.2,5.6,4.7,353100
-118.06,33.72,4311,22,2.7,1,8.1,9.8,500001
-114.61,33.62,1187,16,4.6,1.1,4.9,2.2,61500
-121.4,38.62,3671,28,2.1,1.1,4.5,2.2,113200
-121.24,38.66,3335,14,3.1,1,7.8,6.2,250300
-117.6,34.11,6025,18,3.3,1,5.9,4.9,155700
-117.57,34.02,6933,5,3,1,5.4,4.7,158900
-117.39,34.11,1140,16,3,0.9,5.5,4.9,132700
-117.04,32.75,2297,36,2.7,1.1,5.9,3.5,144000
-122.43,37.79,3565,52,1.6,1.1,4.2,3.8,500001
-122.12,37.48,880,36,4.2,0.9,4.7,3.8,159400
-121.11,37.47,2263,12,2.8,1.2,6.9,3.6,145600
-122.25,37.81,3232,46,1.8,1.1,4.3,3.2,218800
-122.14,37.72,1397,45,2.2,1,5.6,3,202700
-118.43,34.27,1002,36,5.3,1,4,3,148000
-118.56,34.18,1819,39,2.8,1.1,6.5,5.4,457300
-118.24,34.12,1213,41,2.7,1,4,3.2,204200
-118.3,33.96,2802,39,2.9,1.2,5.3,2.7,136300
-118.46,33.99,1214,35,1.8,1.1,4.6,4,500001
-118.38,34.06,1311,52,2.8,1.1,6.4,7.7,500001
-118.28,34.76,3430,19,3.2,1.1,6,4.8,163600
-118.07,34.51,2798,14,3.1,1.1,6.9,4.9,239900
-117.96,33.9,2423,10,3.5,1,7,6.6,346900
-117.9,33.69,9947,13,2.6,1.1,6.3,5.4,316600
-117.82,33.81,2260,30,3.5,1,6.6,6.1,236700
-117.88,33.79,1484,32,3.2,1,5,5.1,190300
-117.99,33.79,2695,21,2.8,1,4,3.3,213300
-117.96,33.76,2520,22,4,1.1,4.8,3.8,193900
-121.25,38.69,3050,17,3.1,1,6.2,4.6,134500
-117.12,32.77,2012,48,2.3,1.1,5.1,2.8,175000
-117.07,32.64,1486,38,2.5,0.9,5,4.6,150400
-117.27,33.06,3686,7,2.4,1.1,5.5,3.2,367100
-121.18,37.99,2450,31,3.1,1.2,5.1,2.5,130900
-121.44,37.74,1875,33,2.6,1,4.9,3.5,141700
-121.85,37.41,2156,17,3.6,1.1,5.5,5.6,199100
-122.05,37.11,1065,39,2.4,1.2,5.1,4.6,146300
-122.69,38.34,3876,12,2.8,1,5.1,4.1,165400
-122.2,37.8,2041,46,2.7,1,5.1,3.8,203300
-121.53,39.49,1537,19,2.3,1.2,5.6,1.5,50300
-124.05,40.85,2414,31,2.5,1.1,6,3.5,143000
-118.45,34.31,1739,9,2.5,1.1,5.4,4.1,182500
-118.3,34.08,1562,34,3.2,1.2,2.8,1.6,225000
-118.22,34.08,394,31,4.4,0.9,3,1.8,154200
-117.78,34.03,32054,8,3.1,1.1,6.4,6,253900
-117.95,34.08,1137,37,3,0.9,5,3.3,189000
-117.99,34.13,1568,37,4.6,1.1,4.5,3,129400
-118.09,33.92,1994,35,3.5,1,4.7,3.7,166200
-118.21,33.8,1387,44,3.3,0.9,4.6,4.3,143100
-118.37,34.43,17339,11,3.1,1,6.2,6,225200
-117.87,33.6,3415,34,1.8,1.1,4.8,4.5,482900
-120.98,38.99,3403,17,2.5,1.1,5.5,3.6,162900
-121.39,38.43,2696,3,3.1,1.2,8.5,5.4,237600
-117.29,34.11,2426,35,3.3,1.2,4.1,1.6,68000
-117.18,32.78,4185,21,3.1,1,4.2,3,210000
-122.49,37.76,1382,52,2.5,0.8,5,5.8,339800
-121.33,38.04,1421,10,3.1,1,6.8,5.2,153900
-120.44,34.66,3231,22,3,0.9,5.6,4.5,142400
-122.24,38.11,2111,52,2.4,1,6.5,4.8,148200
-121.01,37.37,1045,41,2.8,1,4.5,2.4,95000
-121.84,39.73,857,52,2.6,1.2,4.3,1,112500
-120.93,38.65,2213,12,3.1,1.1,6.3,4.6,170100
-119.81,36.77,1749,49,2.4,1.1,5.8,3.2,72200
-124.14,40.59,1665,22,2.2,1.1,4.4,1.6,66800
-119.64,36.36,2360,13,3.4,1.1,7.6,5.2,97400
-118.33,34.1,5293,30,1.9,1.2,2.5,1.5,187500
-118.3,33.74,2223,47,2.8,1,5.4,4.5,270800
-118.22,34.19,4704,31,2.1,1,5.3,4.9,400000
-118.04,33.97,2376,29,2.9,1,3.5,2.6,162500
-118.21,33.8,1160,45,4.1,1,4.3,2.7,139000
-118.39,33.84,2472,16,1.8,1.1,4.7,5.1,348600
-118.38,34.03,1913,44,3,1,4.4,4,266400
-122.58,38.59,1239,33,2.2,1.1,5,3.5,195800
-117.91,33.64,1652,29,2.6,1,5.1,4.8,325400
-117.86,33.75,187,5,4.1,1,3.7,1.8,154200
-117.9,33.84,2043,31,3.4,1,4.5,3.5,187400
-120.02,39.24,2309,22,2.7,1.7,6.8,3,93600
-117.69,34,707,28,4.4,1.2,5.5,2.6,111600
-117.06,34.03,1945,27,2.1,1.1,4.7,1.5,126200
-117.36,34.54,3940,7,3,1.1,5.5,3,91300
-117.13,32.76,2568,29,1.9,1.1,4,2.1,162500
-117.08,33.12,1060,37,3.6,1.2,4.6,1.8,145500
-122.25,37.53,4428,16,2.7,1.1,7.1,7.7,422500
-121.92,37.29,2189,35,2.5,1,6.8,7.7,426900
-121.85,37.25,3773,20,3.2,1,6.2,5.5,241200
-122.03,38.26,4617,25,2.7,1,4.6,3,108500
-122.16,37.76,1827,46,2.9,1,6.1,4.7,164300
-117.84,35.54,1751,11,2.6,1.1,5.9,5.1,98000
-118.28,34.11,1803,52,2,1.1,4.7,4.6,360500
-118.23,33.94,1090,35,5.1,1,4.1,2.2,97600
-117.73,34.09,2345,30,4.2,1.1,5.2,2.4,112100
-117.95,33.99,1219,24,3.3,1,6.6,6.8,325000
-118.12,33.82,1493,42,2.5,1,5.6,3.3,224500
-123.54,39.17,2251,18,2.8,1.4,6.1,2.3,101000
-117.75,33.61,2499,17,1.5,1.1,4.8,3.2,186500
-117.98,33.69,2437,16,2.3,1,5.8,5.7,247200
-121.36,38.39,5121,10,3.4,1,6.8,5.2,148100
-117.33,34.12,933,33,4,1,4.4,1.3,69000
-117.33,34.07,2086,32,3.3,1.1,5.1,2.5,89200
-117.26,32.85,3652,30,2.1,1.1,7.9,8.2,500001
-116.89,32.85,3560,15,3.1,1,6.2,5.1,185300
-122.4,37.75,1182,52,3.4,1,3.9,2.1,214600
-121.23,37.8,2451,11,2.2,1.3,4.6,2.2,130800
-120.66,35.5,1861,19,2.9,1,5.1,3.3,163900
-122.02,37.35,2975,17,2.5,1.1,5.2,5.9,362200
-122.08,37.34,1643,28,2.9,1.1,8,12.4,500001
-122.09,37.7,2053,31,2.6,1,6.2,4.3,241800
-122.03,37.94,5541,21,3,1.1,7.5,5.6,279300
-122.27,38.04,1685,47,2.2,1.1,4.5,2.3,134500
-118.07,34.16,3585,35,2.3,1.1,5.8,4.1,330000
-117.97,33.84,1063,18,2.1,0.9,4.8,2.8,219000
-117.97,33.74,2814,18,2.9,1.1,5.7,3.6,262000
-117.12,33.52,30401,4,3.1,1.1,7,4.6,212300
-117.13,32.94,4846,15,3.4,1,5.9,4.9,180400
-117.37,33.22,2204,35,3.1,1,4.8,3.7,125600
-122.5,37.78,1922,50,2.4,1,4.3,3.6,348500
-121.29,38.03,2021,7,4,1.1,5,2.6,111300
-120.82,37.54,707,20,3.3,1.3,8.2,6.1,164800
-119.33,36.32,3137,23,2.6,1.2,5.7,2.5,85500
-119.1,36.19,1564,17,2,1.1,4.3,1.6,77100
-122.17,37.75,1587,43,3,1.1,5.2,2,98300
-122.34,37.94,2313,47,2.2,1,5.4,3.9,143300
-124.17,40.75,2171,13,2.7,1,6.2,4.9,116100
-118.52,34.3,4542,17,3.6,1,7.6,8.8,450700
-118.17,34.09,2907,33,4.1,1,3.7,2.2,146600
-118.19,34.06,555,32,4.6,1,3.4,2,137500
-117.95,34.09,2215,21,4.3,1.2,5.3,2.8,166500
-117.91,34.08,2325,33,2.6,1,5.2,3.7,217100
-118.18,33.82,2618,52,2.1,1.1,6,3.8,254000
-118.12,34.71,40,46,2,1.4,5.7,1.1,225000
-122.54,37.99,2236,32,2.5,1.1,6.8,7.4,444000
-120.1,39.37,2325,10,2.7,1.1,6.2,4.5,117300
-117.39,34.07,1966,15,3.5,1,6.1,3.9,122700
-117.27,34.4,6042,8,3.1,1,6.1,3.3,124400
-117.22,34.26,8020,16,3.2,2.7,14.9,5,162500
-117.09,32.8,666,15,1.5,0.9,4.1,2.2,131300
-117.03,32.8,3866,19,2.2,1.1,5.5,4.3,220000
-117.11,32.59,2020,17,3.1,1.1,4,2.2,143200
-122.29,37.56,6474,12,1.8,1.1,4.7,5,305800
-121.6,37.09,1511,24,3.6,1.1,5.2,3.6,350000
-121.57,39.16,1632,18,2.3,1.1,5,3.1,71700
-122.15,37.74,1383,43,3.1,1,5.1,3.5,122000
-122.07,37.67,2932,28,1.9,1.2,4.7,3.2,210800
-122.09,38,10191,6,2.5,1.1,5.7,5.2,204200
-122.32,37.97,2347,29,2.3,1,4.8,4,161000
-122.28,37.91,2083,48,2.4,1,7.3,7.3,331200
-120.63,38.68,1821,14,2.9,1.2,6.9,3.1,131700
-118.41,34.21,2215,35,3.6,1,5,4,193200
-118.6,34.15,4570,28,2.4,1.1,6.6,6.1,361900
-118.21,34.06,470,52,3.5,0.9,3.8,2.1,109100
-118.27,33.94,2078,39,3.8,1.1,4.1,1.1,96900
-118.03,34.16,1640,36,2.7,0.9,6.5,6.7,500001
-118.11,34.08,2350,30,2,1,5,3.3,201000
-118.21,33.94,892,34,4.2,0.9,2.6,2.2,162500
-118.12,33.97,3099,33,2.7,1.1,4.1,3.2,191100
-118.08,33.87,2536,23,3.6,1,4.6,4.1,200800
-118.15,33.87,2373,33,2.9,1,4.2,3.1,181800
-118.39,34.09,2347,28,1.4,1.1,4.3,4.4,425000
-122.3,38.31,1797,34,2.9,1,4.4,3.5,137500
-121.43,38.56,1533,50,2.1,1.1,6,2.5,125900
-121.29,38.59,2460,19,2.8,1,5.1,3.7,95600
-117.58,34.09,754,27,4,1.1,4.1,2,100800
-117.18,32.8,2456,30,2.6,1,6.3,3.9,198500
-117.2,32.78,2662,38,2.3,1,5.4,4,241600
-117.02,32.8,2692,31,2.5,1,6,4.5,170000
-117.06,33.15,2155,24,3.2,1.1,6,4.8,147500
-122.45,37.72,1729,52,3,1.1,5.8,4.3,261800
-122.49,37.76,1724,49,2.7,1,5.8,4.4,353600
-121.28,37.95,1200,49,4.6,1.1,3.8,1.1,52500
-121.34,37.98,2628,8,3,1.1,6.7,5.3,191700
-121.93,37.27,1855,35,3,1.1,5.6,6,255100
-121.83,37.29,2308,20,4.9,1,5.1,4.3,191000
-121.82,37.23,2349,25,3.3,1,6.1,5,233100
-122.53,41.81,2400,21,2.5,1.1,5.4,1.8,55400
-120.98,37.64,1913,45,2.5,1,5.7,3.1,110700
-122.21,37.79,2115,45,3.2,1.1,4.5,2.4,139400
-122.18,37.78,1642,50,2.5,1.1,5.8,3.3,160700
-122.08,37.63,517,35,3.7,1,4.8,4.1,156900
-124.11,40.93,1661,17,2.7,0.9,4.7,2.8,90200
-118.25,33.93,2452,36,4,1.1,3.7,0.9,100000
-118.11,34.14,3298,44,2.2,1,5.1,4.1,434800
-118.09,34.02,1984,28,3.2,0.9,5.8,4.6,250200
-118.38,33.83,3070,40,2.5,1.1,6.1,5.2,432700
-117.93,33.64,1395,24,3.7,1,3.5,2.5,192900
-120.1,39.2,1703,20,2.4,1.7,9.8,3.1,196900
-121.42,38.6,1166,35,3,1,6.1,2.2,102800
-121.44,38.63,1402,38,2.5,1,3.7,1.6,71000
-121.42,38.47,5665,11,2.6,1.2,4.4,2.3,97800
-117.04,32.58,2355,14,4.7,1,5.9,5,152100
-117.38,33.21,1502,31,4.4,1.1,4.4,2.6,103300
-122.44,37.73,866,52,3.4,1.2,5.1,5,261900
-120.84,35.3,2062,15,2.5,1,6.5,4.9,317700
-122.34,37.57,3751,28,2,1.1,4.4,4,300000
-121.78,37.34,3195,11,4.2,1,7.6,7.1,378200
-121.96,37.34,663,37,2.2,1,5,3.8,247800
-119.16,34.15,3204,23,3.7,1.1,5.2,3.9,196600
-119.72,36.71,2456,7,3.2,1.1,5.8,3,91600
-124.17,40.62,1595,32,2.6,1.1,5.8,2.9,86400
-119.45,35.15,5050,33,2.5,1.1,5.5,3.2,75400
-118.34,34.1,1996,24,1.8,1.2,3,1.5,325000
-118.31,34.08,2275,31,3,1.1,3.2,1.8,287500
-118.19,34.07,2965,38,3.3,1,4.6,3,166300
-118.4,34.01,1427,48,2.6,0.9,5.3,5.7,351600
-120.09,36.95,3222,16,2.8,1,6.4,4.2,119400
-120.19,37.53,1470,25,2.5,1.2,5.2,1.8,71300
-117.72,33.62,2322,21,1.5,1.1,5.1,3.2,110000
-117.83,33.77,4931,26,2.8,1,6,4.3,285400
-117.65,34.13,2121,24,3,1,7,5.9,255900
-117.46,34.09,4711,8,3.4,1,4.8,3.5,101600
-117.28,35.13,671,32,7.5,1.5,5.9,2.6,53300
-117.13,32.63,7374,10,2.4,1.5,9.3,8.8,478500
-122.47,37.71,2547,44,3.1,1,4.9,4.2,237900
-122.07,37.37,2937,30,2.7,1,7.2,8,473500
-119.35,36.21,2481,26,2.9,1.2,5,1.6,60300
-122.26,37.77,1565,52,2.1,1.1,5.3,4.8,351800
-122.08,37.6,3046,10,3.3,1.1,4.9,3.9,191700
-121.92,38.02,2750,8,3.2,1,5.7,5.1,156500
-122.01,37.91,10093,21,3,1,8.3,7.7,367700
-122.12,37.89,3227,30,1.8,1.1,4.7,4.1,257100
-124.14,40.77,3046,27,2.5,1.1,5.3,2.9,99600
-115.52,32.97,1879,10,4.1,1.2,5.6,2,67500
-118.49,34.25,2088,33,2.7,1.1,5.8,4.3,232900
-118.43,34.16,2459,34,2.5,1.1,5.3,4,353600
-118.64,34.19,3274,28,2.7,1.1,6.3,4.4,247300
-118.21,34.12,1301,52,3.3,1.1,3.6,2.5,190000
-118.26,34.07,2306,36,3.7,1.1,3,2,170500
-118.28,33.99,1454,38,3.7,1.1,4.9,1.5,104000
-118.44,34.07,730,21,4.3,1.2,3.3,2.1,350000
-118.47,33.99,1146,41,3.1,1.2,4.2,2.6,285000
-117.91,34.11,3158,20,3.4,1,4.4,3.5,153000
-118.04,34.11,773,44,3.4,1,6.4,5,447100
-118.06,34.09,1975,40,3,1,5.2,4.3,251600
-118.01,34.07,6311,22,4.6,1.1,4.3,2.9,182600
-118.15,34.06,3855,28,2.9,1.1,4.4,3.5,204300
-118.18,33.91,1260,41,4.8,0.9,3.9,3,128100
-118.26,33.88,1212,36,3.5,1,5.4,5.6,136500
-118.17,33.91,1499,37,3.6,0.8,4.4,3.9,162300
-118.39,33.88,2543,33,2.6,1.1,6.1,6,495500
-122.57,38.11,3521,32,2.4,1,4.9,3.5,228600
-121.06,37.18,2603,30,3.2,1.1,5.5,3.1,123400
-117.81,33.67,2435,9,3.1,1,6.3,7.2,275000
-117.17,33.66,7401,2,3.4,1.4,8.8,4.1,177300
-122.31,37.57,1437,37,3,0.9,4.3,4,273700
-122.22,37.84,2935,50,2.2,1,6.1,7.5,295200
-122.1,37.68,1352,37,2.1,1.1,4.2,3.4,196900
-119.44,36.59,1343,28,4.4,1.1,4.4,1.5,56700
-118.43,34.05,3832,24,1.8,1.1,4.3,4,477300
-118.25,34.22,2510,34,2.8,1,4.6,3.8,267000
-118.12,34.08,1782,49,2.8,1,4.9,3.2,268200
-118.08,34.01,1248,36,3.9,1,3.8,3.2,147600
-118.07,33.98,3304,32,2.9,1,4.8,3.2,167800
-118.37,33.91,1869,41,3.1,1,4.3,3.9,227800
-121.7,36.67,641,37,3.2,0.9,4.5,3.3,252600
-117.64,33.45,1528,26,2.8,1.1,7,6.3,325500
-117.9,33.63,4486,26,2.9,1,8.2,10.1,500001
-117.97,33.68,1722,23,2.8,1,5.6,4.6,273800
-121.42,38.54,2525,18,3.7,1.1,5.4,2.4,87600
-121.35,38.65,2498,20,2.3,1.1,4.9,3.2,107900
-121.2,38.7,2970,28,3,1,6.4,4.3,131700
-117.34,34.14,1834,37,3.4,1.1,5.3,2.2,81600
-116.95,32.81,1277,31,3,1.2,5.4,3.1,147700
-120.67,35.3,1540,19,2.8,1.1,2.4,0.7,500001
-122.48,37.57,4648,34,2.8,1,5.7,4.6,249000
-122.4,37.6,1380,52,2.5,1,6.6,6.2,420300
-120.47,34.63,2441,23,3.2,1.1,5.6,3.8,142200
-121.87,37.31,3797,6,2.7,1.1,4.2,3.7,152400
-122.24,38.14,8479,15,3,1.1,5.2,3.7,131600
-122.66,38.27,1523,16,1.5,1,4.8,2.2,75000
-118.89,34.29,1545,28,4.2,1.2,4.9,3.4,194100
-121.56,39.11,2171,18,3.4,1.1,4.9,2.3,57500
-122.06,37.64,1160,33,3.3,1.2,5.3,3.8,146100
-121.47,39.51,3720,19,2.2,1.1,6.1,2.7,97500
-122.3,37.97,4030,30,2.5,1.1,5.6,3.6,184000
-122.31,37.91,2549,43,2,1,4.8,3.6,178400
-120.66,38.61,2715,19,2.8,1.3,5.7,2.5,126400
-120.76,38.65,2319,17,3,1.2,6.2,3.6,155900
-118.42,37.35,3302,21,2.7,1.1,6.4,4.4,180400
-118.35,34.03,1438,35,2.6,1.1,4.7,2,138100
-117.98,34.04,1468,29,5,1.1,5.3,3.8,190600
-118.1,34.08,1349,21,3.6,1.1,4.1,2.5,182100
-118.05,33.93,2107,35,5.1,1.1,4.8,3.2,150000
-118.36,33.87,1082,17,2.1,1,3.9,4,281900
-121.92,36.56,2124,40,1.9,1.3,6.2,5.5,369100
-117.84,33.8,1490,35,2.5,1,5.8,4.4,222100
-118,33.74,2767,25,3.1,0.9,7.4,6.4,316700
-117.21,33.95,8403,5,3.5,1.1,7.3,5.2,155500
-117.08,32.64,1651,11,1.8,1,3.2,1.7,141700
-116.99,32.72,825,15,2.6,1,6.3,4,169500
-117.24,33.36,2786,11,2.8,1.1,6.2,4.5,222600
-121.21,37.8,370,45,2.4,1.2,5.3,1.5,101800
-119.72,34.43,1156,36,1.7,1,3.8,2.6,320600
-121.86,37.25,6958,16,2.4,1.1,5.7,4.3,262400
-120.4,38.06,1430,12,2.2,1.3,6,2.7,128100
-121.53,38.58,4988,33,2.3,1.1,4.6,2,76400
-119.79,36.73,112,52,4.8,0.7,2.8,2,47500
-118.41,34.14,778,33,2,1.1,6,5.7,497600
-118.32,33.98,949,47,2.7,1,4.4,2.2,114700
-117.92,34.07,1057,36,3.2,1,5.1,4.8,191700
-117.98,33.99,3343,26,3.1,1,7.3,7.1,334300
-118.17,33.77,2239,38,1.4,1.1,3.3,2.3,165600
-117.44,33.94,2349,32,3.5,1.1,5.5,3.9,114100
-116.97,33.75,3740,22,2.4,1.2,4.5,1.3,77500
-121.3,38.72,2514,15,2.3,1,5,2.3,131900
-117.11,32.7,2045,37,4.1,1.1,4.3,1.8,83300
-122.31,37.54,1222,45,2.4,1.1,6,5.5,396900
-121.97,37.3,3340,31,2.8,1.1,4.9,4.9,275000
-121.83,38.45,839,36,2.7,1,5,2.3,122700
-122.13,37.77,2459,24,2.8,1,7.6,7.1,293000
-121.89,39.76,10265,15,2.4,1,5.4,3.1,142600
-121.58,39.5,1947,29,2.7,1.1,5.8,2.2,57600
-119.45,36.59,1749,41,3.7,1.1,5.6,1.7,66100
-123.84,40.28,2809,28,2.5,1.4,6.4,2.1,74000
-118.27,34.92,873,20,2.7,1.1,5.5,3,91700
-118.46,34.25,2217,32,2.5,1,5.2,3.7,208600
-118.4,34.22,1220,43,3.2,1,5.3,3.6,186300
-118.42,34.16,4664,28,2,1.1,4.9,3.9,367900
-118.58,34.18,908,28,2.6,1,6.4,5.6,340500
-118.37,34.03,1350,43,2.6,0.9,4.4,3.4,140900
-118.41,34,1062,35,3.3,1,3.5,2.7,265500
-118.3,34.17,48,30,4.6,0.9,3,5,162500
-118.32,34.2,759,36,2.8,1,5.6,5,328900
-118.14,33.91,1096,36,2.8,1,5.5,4.5,182300
-118.22,33.79,3008,28,4.3,1.1,5.1,2.3,137500
-118.13,34.69,2156,34,3.3,1,5.6,2.8,96800
-120.06,37.02,6301,13,3.7,1.1,6.1,3.5,84900
-117.66,33.61,3464,17,3.2,1,6.5,6,248400
-117.77,33.69,1666,16,1.4,1,5,2.1,55000
-117.81,33.77,4624,31,2.9,1,7.3,7.2,334600
-118.01,33.78,2343,26,3.1,1,6.3,6,233100
-121.31,38.68,5179,16,1.9,1.1,4.5,2.1,82500
-117.33,34.17,3616,13,3.5,1.1,5.8,3.8,106300
-117.25,32.74,1830,36,1.8,1,4.4,3,286800
-122.44,37.8,1724,52,1.7,1.3,5.4,4.3,500001
-120.62,35.13,3971,26,2.5,1.1,5.5,2.7,209900
-121.84,37.4,1866,25,3.1,1,6.8,6.9,288500
-121.89,37.38,4778,3,2.6,1.1,4.8,5.8,271400
-122.08,37.39,2292,4,1.8,1,3.9,4.8,340000
-120.89,37.52,1200,42,3.4,1.2,6.3,2.5,157500
-119.1,36.4,1885,23,3.1,1.1,5.6,3.2,92800
-119.19,34.22,3175,26,3.2,1,4.1,3.1,219900
-122.27,37.82,1630,52,2.9,1.1,4.1,1.2,104200
-119.46,35.17,4164,40,2.6,1.1,5.4,2.8,50800
-118.29,34.01,1385,30,3.7,1.1,2.9,1.1,142500
-118.32,34,3250,50,3.4,1,4.8,2,112600
-118.27,33.77,1731,39,4.4,1,3.6,1.5,141300
-117.95,34.03,1782,33,4,1.1,4.7,3.3,157900
-118.14,34.16,2776,39,3.3,1.1,3.6,2.6,153500
-118.12,34.11,2787,52,2.9,1,7.7,10.2,500001
-118.31,33.79,1601,38,2.3,1.2,5.3,3.4,250000
-117.68,33.57,10008,2,3.1,1.3,8.8,10.1,500001
-117.95,33.84,3418,18,2.5,1.1,4.4,3.7,171400
-117.33,33.87,2300,14,3.2,1.1,7.4,5.1,161300
-121.48,38.56,1151,44,2,1,4.5,2,113600
-121.43,38.54,3321,42,2.1,1.1,5.1,2.5,101300
-117.31,34.41,3019,14,2.8,1.1,5.2,1.5,103400
-117.05,32.69,1689,14,2.5,1.1,3.2,3.2,143800
-122.44,37.79,1726,52,1.7,1.1,4.9,3.7,500000
-122.4,37.72,1975,41,3.6,1,4.7,3.9,218300
-122.5,37.74,2082,44,2.9,1.2,5.2,4.4,268100
-121.31,37.96,2654,52,2.3,1,5.4,3.2,107600
-121.32,38,1795,21,2.4,1,3.8,2,101500
-121.33,37.98,1564,10,1.9,1.1,4.5,2.7,150000
-121.32,38.21,2643,27,3.3,1.1,6,3.6,146700
-122.49,37.59,2683,35,3.1,1,5.5,5.1,262500
-122.12,37.42,2607,36,2.2,1.1,5,5.2,373100
-121.81,37.25,1975,5,2,1.2,4.5,4.5,159000
-121.98,37.14,74,37,3.7,1.1,4.4,9.6,350000
-121.75,36.95,1580,27,3.5,1,5.2,4.7,202700
-118.96,34.18,3137,16,3.2,1.1,7.2,6.1,258200
-122.2,37.79,1640,29,2.8,1.1,4.8,2.8,150000
-122.25,37.76,2876,52,2.1,1,4.6,3.6,252900
-122.14,37.7,1463,17,2.1,0.9,4.4,4.6,187200
-118.93,34.82,508,8,2.7,1.3,6.1,4,128300
-119.25,35.79,3271,8,3.9,1.2,4.8,1.7,62200
-118.43,34.18,2052,22,2.2,1,3.6,2.6,271100
-118.27,34.06,1416,33,3.3,1.1,2.3,2,208300
-118.3,33.99,1534,43,3.7,1.2,4.7,2.5,94500
-118.32,34.2,1978,36,2.7,1.1,6.4,4,294400
-117.81,34.11,3481,21,2.5,1.1,4.7,3.6,150400
-118.38,33.84,2869,26,2.2,1.1,5.3,6,355300
-118.38,33.82,3053,35,2.2,1.1,5.2,5.2,439200
-118.37,34.08,4376,28,1.6,1.1,3.9,2.7,312500
-118.52,34.44,934,26,3.2,0.9,5.8,5.3,185000
-123.1,38.97,1211,36,2.8,1,4.8,2.6,94900
-117.02,33.73,3700,14,1.7,1.1,5.3,1.9,112500
-116.39,33.82,11115,15,2.5,1.4,6.7,2.7,74400
-121.32,38.7,2966,16,2.8,1.2,6.2,3.2,118400
-121.25,38.69,1014,24,3.1,1,5.2,4.2,112800
-117.19,34.06,1467,37,3.9,1,4.3,1.4,72800
-117.06,32.75,1917,34,2.8,1,4.5,3,129200
-117.14,32.7,633,36,4,1.1,4.6,1.6,82700
-117.24,32.75,1856,36,2,1.1,4.5,2.3,220600
-116.88,33.05,7217,11,2.8,1.1,4.8,2.9,166700
-122.44,37.76,5089,30,1.7,1.1,4.5,4.6,386100
-121.32,38,2105,22,1.6,1.1,4.4,2.2,87500
-121.33,38.02,2854,33,2.5,1.1,6.3,4.3,136400
-120.67,35.48,2339,18,2.6,1.1,5.6,3.3,176100
-122.19,37.47,1371,44,2,0.9,4.6,4.8,312300
-121.89,37.33,658,49,1.5,1,2.1,0.7,200000
-121.9,37.3,1456,52,2.1,1,5.3,5,296600
-121.9,37.25,5483,20,2.7,1,5.2,4.7,250000
-121.87,37.28,3305,21,3.5,1.1,4.7,4,249600
-121.9,37.16,1529,43,2.3,1.2,6.1,5.2,293300
-122.03,36.96,584,40,2.3,0.9,4.2,3.6,243500
-120.49,40.31,1821,16,2.7,1,5.1,3.5,85100
-118.39,34.19,3794,25,2.8,1.1,4.3,3,204200
-118.26,34.08,1791,50,3.2,1,2.7,1.8,166700
-118.14,34.18,1493,50,3.1,1,4.6,3.3,154400
-118.06,33.91,4880,24,4.3,1,4.7,4.1,157700
-118.36,34.09,2832,34,1.9,1.1,3.4,1.8,312500
-117.91,33.91,2249,24,2.6,1,5.8,5,267100
-117.7,34.07,1552,33,4.4,1,5.1,3.8,128400
-117.31,34.13,1622,35,3.6,1.1,4.5,1.9,68500
-117.14,32.75,1908,25,2.1,1.1,4.1,2.5,133300
-117.13,32.7,1445,38,3.6,1.1,4.1,1.5,80200
-117.08,32.67,3008,31,2.8,1,4,2.6,118200
-121.36,38.02,2229,5,2.1,1.2,4.7,4.2,206100
-122.44,37.65,5277,38,2.7,1,5.3,4,276200
-122.26,37.46,5067,26,2.7,1,7,7,500001
-122.23,38.09,4397,26,2.6,1,4.6,2.5,90000
-122.79,40.75,3851,17,2.4,1.5,6.9,2.1,71700
-119.08,36.02,1748,26,2.9,1.1,5.8,1.9,62100
-119.2,34.18,1035,27,3.5,1,4.7,4.2,185400
-118.37,34.07,2519,50,2.2,1,4.9,4.4,405600
-118.3,34.03,1695,40,3.2,1.1,4.8,2.7,150000
-118.26,33.89,923,36,3.2,0.9,4.8,3.6,120700
-121.92,36.62,867,52,2.1,1.1,4.6,2.7,234600
-117.69,33.55,1764,4,3.2,1,7.9,8.3,384200
-117.83,33.82,1100,23,3.5,1.1,4.1,3.7,150000
-117.4,34.01,1858,25,4,1.1,5.6,2.7,87800
-117.27,33.68,26322,8,2.8,1.2,7.8,5.3,228900
-121.39,38.61,2396,36,2.4,1,4.7,3,136600
-121.35,38.28,2756,17,3.8,1.1,5.2,3.2,82000
-117.23,32.87,2290,15,1.7,1.1,3.9,3,204200
-122.49,37.69,2576,35,2.9,1,6,4.7,272800
-122.49,37.63,696,34,2.5,0.9,4.3,3.5,254100
-122.71,38.46,2175,36,2.3,1.1,4.6,3,167200
-121.52,38.9,1650,32,2.8,1.1,5.8,2.9,98200
-118.88,34.19,7268,16,2,1.1,4.4,3.4,228700
-118.71,34.3,1983,23,3.4,1,6.9,6.3,236700
-122.25,37.86,4048,52,2.2,1.1,6.9,5.4,376900
-122,37.95,2214,9,3.6,1.1,9.3,6.8,339200
-120.2,40.26,2399,26,2.3,1.2,5.4,2.7,47600
-118.51,34.2,2066,37,2.5,1.1,5,4.1,188400
-118.41,33.96,1802,44,2.7,1.1,6.4,6,356000
-118.3,34.19,1704,52,2.9,1.1,6.5,4.8,326100
-118.13,34.16,2162,36,2.3,1.1,3.7,2.2,176700
-118.41,33.77,7554,22,3,1.1,8,10.1,500001
-118.15,34.7,2696,36,2.6,1,6,4,116300
-117.85,33.9,4026,20,3.1,1,6.2,5.6,260500
-117.9,33.78,10336,25,2.9,1.1,4.3,3.4,197900
-117.99,33.68,2024,18,2.3,1,4.5,3.6,186900
-117.32,34.09,1129,30,4.4,1.1,4.8,2.4,78600
-117.18,32.84,2290,30,2.7,1.1,4.9,3.6,165100
-117.09,32.79,1529,36,2.6,1,5.9,4.1,171200
-117.18,32.69,2819,44,2.5,1,5.6,4.5,452800
-117.08,33.11,1832,31,3.6,1,4,2.2,116700
-122.46,37.72,2399,45,3.1,1.1,6,4.1,244100
-122.02,36.98,1484,21,2.6,1,3.9,2.2,187500
-122.18,38.29,1953,18,2.4,1,7.2,8,393000
-121.94,38.35,3157,8,3.1,1,5.6,4.4,140100
-119.15,36.29,1435,18,2.6,1,5.7,2.4,72500
-119.32,36.21,2360,25,3.3,1.1,5.4,2.3,63100
-122.3,37.77,2038,42,5.7,1,5.7,2.6,200000
-119.02,35.35,1239,42,2.9,0.9,4.6,2,63300
-118.11,34.06,2628,14,3.9,1.2,4.6,3,160300
-118.09,33.89,991,42,3.3,1,4.5,4.1,164400
-118.11,33.84,1588,37,2.8,1.1,6.5,4.9,220300
-118.35,33.96,2773,26,2.5,1.1,4.4,3.1,164300
-118.35,33.88,1583,36,3.1,1.2,4.5,4.1,238200
-117.85,33.81,1766,32,2.7,1,5.4,4,234500
-118.06,33.83,1973,17,2.2,1,3.9,3.9,163800
-121.46,38.53,2745,37,2.9,1.1,4.9,1.8,65400
-117.06,32.79,2524,17,2.4,1.1,8,8.8,331800
-120.56,35.13,5818,15,2.8,1.1,6.9,4.4,267600
-121.83,37.23,5507,22,3.3,1,6.5,6.1,245200
-121.88,36.96,6355,18,2.4,1.1,6.5,6,321100
-119.28,36.54,1470,33,4.1,1.1,4.9,1.8,57400
-118.83,34.14,1316,16,2.6,1.1,7.6,10.2,500001
-122.27,37.81,880,40,1.5,1.2,2.3,1,118800
-121.97,37.54,1949,31,3.1,1.1,6.1,4.6,196200
-121.41,39.72,1583,17,2.4,1.1,5.2,2.4,87500
-119.74,36.65,2546,19,3,1.1,6.1,2.9,89500
-119.9,36.79,1970,22,3.3,1,6.2,3.3,106100
-118.52,34.21,2394,36,3.5,1,5.6,4.3,206700
-118.53,34.19,2618,32,3.1,1.1,4.1,2.6,192300
-118.21,34.12,1904,41,3.4,1,3.8,3.7,175800
-118.49,34.07,2929,36,3,1,8.3,13.6,500001
-118.43,34.06,1317,31,1.9,1,4.8,7.4,500001
-118.4,33.96,1877,44,2.7,1,5.9,6.8,363600
-118.23,34.16,3105,31,2.5,1.1,5.7,5.2,429100
-117.99,34.08,2399,11,4.3,1,4.5,3.6,141000
-118.04,34.12,2170,30,3.2,1,7,5.7,500001
-118.09,34.18,3113,34,2.7,1,7.5,10.2,500001
-118.15,34.12,1810,43,1.7,1,4.2,3.9,350000
-118.1,33.96,1184,36,4.1,1,5.1,4,162500
-118.12,33.99,2316,27,3.7,1,4.3,2.8,176800
-118.04,33.88,4807,17,3.6,1,5.6,5.8,297300
-118.21,34.64,2573,16,3,1,6,6,181100
-117.89,33.94,3349,20,2.7,1,5,4.7,227000
-117.88,33.87,1919,35,3.8,1,5.6,5.6,190900
-117.83,33.65,638,9,1.8,1.1,2.7,3.8,187500
-117.89,33.71,1422,23,4.2,1,5.4,4.7,202400
-121.4,38.71,4680,15,3.6,1,6.4,3.8,107000
-116.29,34.18,4203,15,2.5,1.4,6.1,2.2,60800
-117.08,33.14,1430,11,3.1,1,4.9,4.2,160900
-116.86,33.02,401,17,3.6,1,5.8,4.7,170200
-122.29,37.51,3040,35,2.7,1,5.9,6.1,426400
-120.45,34.96,2121,21,4.8,1,4.6,4.1,117600
-121.99,37.27,1214,21,2.7,1,6.6,7.6,347800
-122.38,40.56,2281,23,2.8,1,5.4,3.5,101200
-119.21,36.1,1471,30,4,1,4.1,1.7,42500
-121.83,39.74,3263,34,2.2,1,5.5,2.6,130300
-121.88,38.03,1225,52,3.1,1.1,5.3,2,101400
-122.03,37.92,3318,23,2.9,1,8.4,6.6,358800
-119.56,36.08,766,37,3.4,1,4,1.7,42100
-118.51,34.11,9013,29,2.8,1.1,8.5,13.9,500001
-118.34,34.16,6082,25,1.6,1.1,3.7,3.6,246900
-118.04,34.12,2522,39,3.1,1.1,7.1,5.2,445200
-118.19,33.99,1429,42,4,1.1,3.7,3,157500
-118.19,33.91,1531,43,4,1,4.1,2.6,128100
-118.13,33.84,1895,48,3,1,6.5,6.3,307400
-118.32,33.95,2131,44,3.2,1.1,6.5,5.1,169800
-117.93,33.92,2271,34,3.2,1,5.2,4.2,174400
-117.87,33.74,1243,16,5.1,1,3.3,2.8,158900
-117.94,33.78,299,40,2.3,1,4.3,3,166100
-117.92,33.73,1692,17,3.3,1.1,6,4.5,205800
-114.98,33.82,644,15,2.6,2.5,12.4,3.2,71300
-117.13,33.14,2618,5,2.6,1.1,5.1,4.1,171400
-118.95,34.16,2953,21,3.4,1,7.2,6.5,291500
-122.2,37.96,6306,9,2.8,1.1,6.9,6.8,310700
-122.26,37.98,2038,28,2.7,0.9,5.8,5.1,198000
-123.82,40.12,2985,33,2.5,1.2,6.1,2.1,82400
-115.56,32.8,1171,15,3.4,1.1,3.9,1.4,69400
-119.02,35.34,2861,34,2.8,1.1,5.9,3.4,71400
-118.54,34.27,2309,28,3.1,1,7.7,6.7,348200
-118.3,33.82,2080,26,4.1,1.1,4.1,2.8,184400
-117.92,34.07,175,38,6.5,1.1,8.8,9.7,182500
-118.14,34.68,1703,25,2.5,1.1,5.5,4.5,126500
-119.65,37.32,2161,11,2,1.1,5.3,2.4,122300
-117.95,33.63,6745,17,1.8,1,4.4,4,271600
-117.84,33.77,4412,14,1.9,1.1,5.1,4.3,206500
-121.43,38.52,2089,43,2.5,1,5.4,2.6,72100
-117.15,32.92,2366,16,3.6,1,5.8,4.9,182900
-116.66,32.79,843,13,6,1,5.6,6.2,240600
-121.29,37.95,288,52,5,1.6,5.3,0.7,42500
-121.83,37.34,1848,26,6,1,5.7,4.1,182500
-122.05,37.36,2400,34,2.7,1.1,6.3,4.1,316900
-123,38.33,3223,8,2,1.5,7.7,5.6,364800
-118.9,34.41,4431,35,3.2,1,6.2,4.3,209100
-122,37.54,4133,29,2.7,1,5.5,5.2,275100
-121.79,38,1141,36,2.6,1.1,5.4,2.6,108500
-122.33,37.98,2850,3,2,1.1,5.5,6,175000
-118.94,35.37,1106,23,3.4,1.1,4.8,1.9,59700
-118.99,35.3,2248,33,3.6,1.1,5.6,2.9,56200
-118.92,35.47,1755,6,2.6,1.1,6.9,6.3,216400
-118.3,34.08,2880,32,3.6,1,2.8,2.4,258300
-118.25,34.07,4297,18,3.4,1.1,3.3,2.3,192500
-117.83,33.88,2112,18,3.3,1.1,6.7,6.9,231700
-117.98,33.68,2603,17,3.3,1,6.8,6.8,332900
-117.08,34.03,3862,23,3.2,1.1,5.9,3.2,115700
-117.09,32.71,2238,29,4.1,1,4.4,2.6,96800
-122.21,37.43,1606,33,2.7,0.9,5.9,8.7,500001
-122.49,37.5,1209,21,3.1,1.2,4.7,4.6,500000
-119.77,34.44,5652,24,1.8,1,4.4,2.5,295300
-120.94,37.74,1166,35,1.9,1,4.4,2.3,90200
-122.18,37.75,1036,43,3.1,1.1,4.9,2.1,84600
-122.13,37.72,2183,35,2.5,1,5.6,3.8,243500
-118.27,34.08,962,43,2.7,1,3.9,3.2,185000
-118.15,34.12,1518,52,2.5,1.2,5.1,3.4,204500
-118.16,34.03,1377,41,4.2,1.1,5.1,3.2,141600
-118.12,33.92,6336,27,3.1,1.1,4.2,2.6,183700
-118.11,33.91,1981,22,2.7,1,4.3,4.1,153700
-117.93,34.57,5613,5,3.6,1.1,5.6,3.2,132700
-121.62,36.43,1335,20,3,1.2,5.5,4.8,230600
-121.21,39.24,4194,7,2.4,1.2,7.4,4.4,226100
-117.87,33.88,1808,25,3,1,4,3,156900
-117.71,33.65,3774,16,3.7,1.1,8.8,8.6,307400
-118.06,33.72,4573,17,2,1.2,5.7,5.8,500001
-118.06,33.82,2637,25,2.3,1.1,6.4,4.6,190900
-117.34,33.94,7910,13,2.9,1,6.7,5.6,214500
-121.27,38.65,2787,25,2.4,1.2,5.3,2.9,159800
-117.08,32.82,5177,10,2.7,1.1,6.3,6,271700
-117.07,33.14,2546,16,4.1,1.1,6.2,4.7,160600
-117.08,33.16,6341,11,2.8,1.1,6.5,4.9,206700
-121.24,37.97,886,47,2.8,1,4.7,2.2,67200
-122.37,37.56,7189,21,2.9,1,8.5,11.7,500001
-122.2,37.43,2223,40,2.5,1,5.3,5.2,444500
-121.94,37.26,2104,43,2.8,1,5.2,4.9,238000
-122.04,37.34,3694,19,2.5,1.1,3.8,3.7,271500
-119.05,34.19,143,39,3.4,1.1,4.3,2.9,275000
-118.68,34.33,121,45,2.5,0.9,4.5,3,325000
-122.25,37.82,3959,26,1.4,1,3.3,3,255000
-122.19,37.79,2718,45,2.4,1,6,4.7,231800
-122.09,37.68,1382,41,2.2,1.1,4.4,3.5,197500
-122.06,37.99,1319,17,1.4,1.2,4.9,1.8,137500
-115.37,32.82,1602,30,3.4,1,4.8,3.6,71100
-118.96,35.37,1025,32,3.7,1.1,4.3,2,53400
-118.22,34.08,1709,34,4.2,1.1,3.4,2,152100
-118.35,34.03,2043,42,3.3,1,4.1,2,125400
-118.4,34.04,3863,43,2.7,1.1,7.6,8.6,500001
-118.04,33.87,2358,17,3.8,1.1,6.5,6.3,285800
-118.36,33.86,1865,34,3.2,1.1,6.2,5.5,305900
-117.78,33.82,6208,12,3.3,1,8.4,9.2,413700
-117.78,33.51,1833,44,1.9,1.2,6.8,6.6,500001
-117.93,33.85,1026,25,5.8,1,3.6,4.2,163900
-117.94,33.78,2627,34,3.1,1,5.8,4.8,199200
-117.97,33.88,1344,9,2,1.1,5.1,5.1,185100
-116.76,33.46,1251,6,2.5,1.2,5.8,3.1,173400
-116.42,33.51,186,26,2.6,1.2,4.8,2.6,103100
-121.47,38.51,20,52,8.2,0.4,2.2,3.6,80000
-121.34,38.69,1968,17,3,1.1,6,3.7,114300
-121.23,38.65,2926,19,2.8,1,6.1,4.6,212900
-117.32,33.22,4784,15,1.8,1.1,4.9,2.4,108900
-122.45,37.77,2296,52,2.2,1.1,4.9,4.1,500000
-122.43,37.75,4850,40,1.9,1,5.1,5.1,356100
-121.22,37.8,1038,37,2.5,1.1,4.9,2.1,91900
-119.64,34.43,1872,32,2.5,1.1,6.3,4.6,500001
-121,37.63,2051,49,3.3,1.1,4.4,1.6,80900
-121.29,37.33,48,36,3.4,1.5,6,4,75000
-118.77,34.27,1658,10,3.2,0.9,5,4.8,209900
-122.03,37.6,2077,24,3.8,1,5.3,4.6,214700
-120.44,36.84,1563,29,3.1,1,5.4,2.8,90500
-118.53,34.17,6430,18,2.2,1.1,4.8,3.9,243800
-118.3,33.76,9659,18,2.6,1,5.8,5.8,290500
-118.11,34.02,1727,40,3,1,5.5,4,210200
-118.07,33.89,1819,32,4.7,1.1,5.1,3.6,146000
-118.1,33.81,856,36,2.8,0.9,5.2,5.2,246000
-121.89,36.6,656,19,1.4,1.2,3.8,1.3,500000
-117.8,33.7,1549,5,2.1,1.1,4.4,5.3,194000
-117.85,33.73,1499,28,5.6,1,2.5,2.5,115000
-116.18,33.69,89,17,3.8,0.9,4.2,2.4,155000
-121.36,38.67,2770,17,2.4,1.1,4.4,2.4,82500
-117.7,34.08,1979,10,2.9,1.2,5.1,3.8,107300
-117.22,32.84,2691,19,3.2,1,7.4,8.1,363600
-121.31,38.01,2575,22,2.1,1.1,4,1.4,90500
-122.49,37.67,5275,35,3.4,1.1,6.3,4.7,266400
-120.46,34.64,2364,26,2.9,1.1,4.5,1.9,129400
-121.97,37.35,1880,35,2.9,1.2,5.9,4.2,269900
-121.97,36.98,2813,17,2.8,1,5.9,3.7,252400
-122.16,38.07,6360,14,2.6,1.1,5.6,4.5,190300
-122.12,37.7,3495,41,2.5,1.1,4.7,2.7,144900
-122.04,37.59,1727,14,4.1,1.1,6.3,5.3,243600
-121.98,37.53,2829,28,3,1.1,5.2,4.6,223200
-119.58,36.83,6135,13,3.2,1.1,7.9,5.5,156700
-117.7,35.6,2678,16,3,1,5.5,3.9,70200
-118.62,34.2,2421,29,2.9,1,6.2,5,244800
-118.07,34.17,2415,36,2.9,1,5.9,5.5,326100
-118.22,33.94,928,41,4.7,1.1,3.9,3.4,144600
-116.22,33.73,1695,38,4.2,1.2,5.6,2.1,68500
-117.73,34.01,2340,36,3.1,1,6,4.1,213000
-120.83,35.32,3252,11,2.8,1.1,4.9,3.2,183200
-122.33,37.53,1729,25,2.2,1.1,4.9,4,458500
-122.22,37.47,7740,23,2.4,1.1,4.4,3.3,322800
-119.59,34.43,2718,28,2.4,1.2,6.2,4.2,500001
-122.14,37.67,1487,36,2.6,1,6.1,4.1,196200
-119.74,36.73,1236,42,3.6,1,4.7,2.1,50000
-119.77,36.76,1945,43,3.5,1,4.6,1.5,54600
-120.51,36.86,1779,21,3.9,1.1,4.8,2.4,71900
-119.27,35.49,2649,39,3.3,1.1,4.8,2.4,65400
-118.43,34.23,1225,35,3.1,1,5.3,3.4,176500
-118.28,34.09,2273,52,2.5,1.1,3.8,2.3,196500
-118.19,34.05,349,37,4.3,1.2,5.5,3.2,125000
-118.28,33.99,1971,37,3.6,1.1,4.3,1.5,103000
-118.23,34.15,1649,26,2.8,1.1,3.4,3.1,257100
-117.95,34.02,1129,19,4,1.1,5,3.9,135600
-118.16,34.01,931,36,3.1,1.1,4,1.8,142800
-118.26,33.92,3320,42,3.3,1.1,5.3,2,104600
-118.32,33.93,1536,34,2.8,1,5.4,5,157800
-118.3,33.87,3144,27,2.2,1.1,4.6,3.2,214700
-118.33,33.83,13038,5,2.1,1.1,5.2,5.5,286400
-118.6,34.07,319,16,2.3,0.9,5,4.6,433300
-122.31,38.3,3023,45,2.7,1,4.6,3.6,126000
-122.3,38.29,1701,25,2.6,1.1,4.3,3,142100
-117.78,33.89,9729,7,3.4,1,8,8.9,415300
-118,33.81,2970,33,3.5,1,5.5,4.4,201800
-118.02,33.84,3473,35,3.6,1,6,4.5,214100
-116.99,33.99,4227,22,3,1.1,6.8,4.7,195900
-121.34,38.61,1778,22,2.3,1.1,4.7,2.6,142200
-117.26,32.82,5846,34,2.4,1.1,7.8,8.5,500001
-122.45,37.72,964,45,3.1,0.9,4.8,2.9,228900
-121.34,38.03,4213,20,2.9,1.1,5.9,4.4,130800
-121.77,37.22,3992,16,3.8,1,7.2,6.7,299300
-121.04,37.66,1658,11,3.1,1,5.6,4.2,162800
-119.26,35.87,1590,24,4.5,1.1,4.3,1.6,47600
-119.15,34.25,3511,36,4.3,1,5.1,4.1,186800
-121.86,37.7,9621,13,3.2,1,6.9,6.7,313700
-118.45,34.18,1843,34,2.1,1.1,4.4,3.7,246400
-118.18,34.07,2616,28,3.6,1,4.2,2.7,156000
-117.97,33.99,3335,23,2.8,1,6,5.7,300300
-118.04,34.18,3134,37,2.4,1.1,6.2,5.3,455400
-118.08,33.99,1683,38,4,1,5,3.6,170700
-118.32,33.9,1741,36,2.9,1,4.1,4.1,210300
-118.36,33.88,2408,33,3.1,1,4.6,4.2,236800
-121.67,36.67,3071,24,2.6,1,5.5,3.9,222500
-117.79,33.68,2106,10,3,1,6.3,8.7,375300
-121.26,38.68,3080,4,1.8,1.2,4.5,2.7,133000
-117.25,32.79,1627,25,1.9,1,4.3,3.6,317100
-117.06,32.61,1630,23,3,0.9,3.9,2.6,131100
-120.44,34.96,1228,39,2.5,1.1,3.6,1.9,113300
-122.04,36.98,1076,51,2.5,1,5.4,2.9,258300
-120.41,37.88,744,16,2.6,1.2,6.1,4.4,87500
-121.52,38.59,6418,35,2.6,1,4.3,1.7,69100
-120,38.87,1437,12,2.7,1.9,10,4.2,127600
-122.64,38.95,1503,28,2,1.4,5.6,1.2,68900
-121.03,40.35,5486,52,2.6,1.4,7.3,2.2,49500
-118.31,34.09,720,28,3.4,1,2.7,1.9,100000
-118.39,34.1,6310,30,2,1.1,7.2,8.9,500001
-118.25,34.16,3700,14,1.9,1,4.1,3.9,200000
-117.83,34.1,11026,18,2.8,1,5.7,4.1,231100
-118.18,33.88,882,47,3.1,1.1,5.1,4.6,163000
-118.14,34.69,1379,48,2.3,1.1,4.5,2.1,94900
-117.92,33.87,1597,33,4.5,1,3.8,3.1,157800
-117.85,33.89,3326,24,3.3,1,6.7,5.7,240600
-117.93,33.79,2363,36,3.2,1,6,4.1,190800
-121.23,40.01,725,38,1.9,1.7,6.3,1.6,75000
-117.38,33.94,2468,21,3,1,6.4,4.1,136800
-121.41,38.69,1601,28,2.8,1,5.3,3.6,105200
-121.57,38.19,1395,36,2.9,1.1,5.7,2.4,162500
-117.66,34.08,3659,33,2.9,1,6,3.9,157200
-117.18,34.07,1306,28,3.5,1.1,5.1,2.1,75300
-117.1,32.74,1772,30,3.1,1.1,4,2.4,94100
-117.23,33.19,2554,22,2.7,1.1,6.1,3.6,192500
-121.25,37.92,2109,19,4.1,1,5,2.4,66000
-120.52,35.24,4413,5,2.8,1.1,6.1,5,253300
-119.61,34.43,2665,16,2.6,1.3,8.6,9,500001
-122.14,37.38,2859,26,2.8,1,8.5,10.4,500001
-121.8,37.26,1394,26,3.1,0.8,4.4,4.9,195000
-121.14,37.47,2427,38,2.7,1,5.1,2.9,115200
-121.53,39.44,1340,26,2.8,1.1,5.6,2.6,57100
-121.83,38,6365,15,2.6,1.1,4.4,2.5,103600
-121.92,38.02,1840,16,3.8,1.1,5.4,4.2,125000
-119.61,36.59,2842,10,2.5,1.1,4.9,2.3,92700
-118.3,34.06,2512,23,3.3,1.1,2.3,1.8,322200
-118.28,33.97,2180,40,3.9,1,3.5,1.6,90100
-118.44,34.05,3970,22,2,1.1,5,4.9,500001
-118.42,34.02,2664,26,2.2,1.1,3.4,3.4,301900
-118.29,33.73,2492,21,2.5,1.1,3.7,2.1,242300
-118.11,33.85,887,36,3.1,1,5.7,4.1,219500
-118.16,33.79,5463,25,2.6,1.1,4.6,3.2,199100
-118.32,33.82,2587,25,2.4,1,5.1,4.4,382100
-118.36,33.81,9042,25,2.3,1,4.7,4.6,378800
-118.36,34.09,3463,33,1.6,1,3.1,2,243800
-121.77,36.87,424,37,4.2,1,6.6,3.3,293800
-117.84,33.66,665,5,2.3,1,3.9,4.6,230400
-117.05,32.58,1918,23,4.1,1,5.6,4.1,134800
-122.02,37.26,2411,24,2.8,1,8.1,10.3,500001
-122.06,37.33,1945,29,3,1,7.1,8.2,498800
-122.75,38.41,3150,17,3,1,5.2,4,165000
-120.85,37.77,651,20,2.8,1,4.3,2.1,77300
-119.09,34.24,10214,17,2.6,1.2,7.7,5.4,452100
-122.3,37.88,1647,46,2.4,1.1,4.6,2.9,144800
-120.71,38.85,1877,8,2.7,1.5,5.8,3.5,120100
-119.67,36.81,1262,4,3.1,1.1,6.3,4.9,114400
-124.15,40.78,2112,36,2.3,1,5.7,3.4,90000
-119.06,35.36,1228,9,1.9,1.1,5.8,4.3,95200
-118.29,34.11,2850,49,2.9,1,7.5,13,500001
-118.4,34.04,1298,42,2.2,0.9,6.8,12.8,500001
-118.09,33.93,1585,36,3.5,0.9,4.6,4.5,183400
-117.88,33.9,1705,15,1.6,1,3.6,3.5,114400
-118.07,33.8,1391,22,2.8,1.2,4.7,3.9,218200
-118.03,33.81,3635,26,3.3,1,6.7,5.7,237400
-117.22,33.8,5284,3,3.7,1.3,7.3,4.1,126500
-121.44,38.57,3080,52,2,1.1,6.2,3.8,164500
-116.99,34.89,2741,24,3,1.1,5.3,3.5,70500
-117.23,32.73,2052,36,2.6,1.1,7.7,7.6,441400
-117.14,32.8,1267,35,3.5,1,6.2,2.5,169600
-122.42,37.77,4226,52,2.1,1.1,3.4,2.6,325000
-122.45,37.73,1350,52,3.1,1,5.5,3.2,266200
-121.92,37.34,2101,42,2.3,1,4,3.6,239200
-122.24,40.51,2216,23,3,1.1,6.6,4.6,116800
-121.39,39.12,10035,28,3.8,1,5.5,2.1,108300
-122.17,37.78,1524,42,2.4,1,5.7,3.7,157300
-122.06,37.64,1655,20,2,1.1,3.9,3.6,350000
-122.08,37.92,2377,28,2.5,1.1,5.5,4.5,250000
-117.06,32.71,2397,11,3.1,1,4.7,3.9,145200
-117.05,32.69,831,8,4.8,1,5.4,5.4,165500
-117.05,32.75,1718,43,2.5,1,5.1,2.7,133700
-122.43,37.74,1514,52,2.4,1,5,5.3,300900
-122.2,37.4,2612,30,3,1,8.1,10,500001
-122.11,37.11,1993,46,2.6,1.2,6.1,5.2,206800
-122.9,41.46,1277,31,2.5,1.1,5.3,1.7,61700
